1,1,Bulbasaur,GRASS,POISON,,318,45,49,49,65,65,45,orginal,GRASSPOISON
2,2,Ivysaur,GRASS,POISON,,405,60,62,63,80,80,60,orginal,GRASSPOISON
3,3,Venusaur,GRASS,POISON,,525,80,82,83,100,100,80,orginal,GRASSPOISON
4,3,Venusaur,GRASS,POISON,Mega Venusaur,625,80,100,123,122,120,80,orginal,GRASSPOISON
5,4,Charmander,FIRE,,,309,39,52,43,60,50,65,orginal,FIRE
6,5,Charmeleon,FIRE,,,405,58,64,58,80,65,80,orginal,FIRE
7,6,Charizard,FIRE,FLYING,,534,78,84,78,109,85,100,orginal,FIREFLYING
8,6,Charizard,FIRE,DRAGON,Mega Charizard X,634,78,130,111,130,85,100,orginal,FIREDRAGON
9,6,Charizard,FIRE,FLYING,Mega Charizard Y,634,78,104,78,159,115,100,orginal,FIREFLYING
10,7,Squirtle,WATER,,,314,44,48,65,50,64,43,orginal,WATER
11,8,Wartortle,WATER,,,405,59,63,80,65,80,58,orginal,WATER
12,9,Blastoise,WATER,,,530,79,83,100,85,105,78,orginal,WATER
13,9,Blastoise,WATER,,Mega Blastoise,630,79,103,120,135,115,78,orginal,WATER
14,10,Caterpie,BUG,,,195,45,30,35,20,20,45,orginal,BUG
15,11,Metapod,BUG,,,205,50,20,55,25,25,30,orginal,BUG
16,12,Butterfree,BUG,FLYING,,395,60,45,50,90,80,70,orginal,BUGFLYING
17,13,Weedle,BUG,POISON,,195,40,35,30,20,20,50,orginal,BUGPOISON
18,14,Kakuna,BUG,POISON,,205,45,25,50,25,25,35,orginal,BUGPOISON
19,15,Beedrill,BUG,POISON,,395,65,90,40,45,80,75,orginal,BUGPOISON
20,15,Beedrill,BUG,POISON,Mega Beedrill,495,65,150,40,15,80,145,orginal,BUGPOISON
21,16,Pidgey,NORMAL,FLYING,,251,40,45,40,35,35,56,orginal,NORMALFLYING
22,17,Pidgeotto,NORMAL,FLYING,,349,63,60,55,50,50,71,orginal,NORMALFLYING
23,18,Pidgeot,NORMAL,FLYING,,479,83,80,75,70,70,101,orginal,NORMALFLYING
24,18,Pidgeot,NORMAL,FLYING,Mega Pidgeot,579,83,80,80,135,80,121,orginal,NORMALFLYING
25,19,Rattata,NORMAL,,,253,30,56,35,25,35,72,orginal,NORMAL
26,19,Rattata,DARK,NORMAL,Alolan Rattata,253,30,56,35,25,35,72,orginal,DARKNORMAL
27,20,Raticate,NORMAL,,,413,55,81,60,50,70,97,orginal,NORMAL
28,20,Raticate,DARK,NORMAL,Alolan Raticate,413,75,71,70,40,80,77,orginal,DARKNORMAL
29,21,Spearow,NORMAL,FLYING,,262,40,60,30,31,31,70,orginal,NORMALFLYING
30,22,Fearow,NORMAL,FLYING,,442,65,90,65,61,61,100,orginal,NORMALFLYING
31,23,Ekans,POISON,,,288,35,60,44,40,54,55,orginal,POISON
32,24,Arbok,POISON,,,448,60,95,69,65,79,80,orginal,POISON
33,25,Pikachu,ELECTRIC,,,320,35,55,40,50,50,90,orginal,ELECTRIC
34,25,Pikachu,ELECTRIC,,Partner Pikachu,430,45,80,50,75,60,120,orginal,ELECTRIC
35,26,Raichu,ELECTRIC,,,485,60,90,55,90,80,110,orginal,ELECTRIC
36,26,Raichu,ELECTRIC,PSYCHIC,Alolan Raichu,485,60,85,50,95,85,110,orginal,ELECTRICPSYCHIC
37,27,Sandshrew,GROUND,,,300,50,75,85,20,30,40,orginal,GROUND
38,27,Sandshrew,ICE,STEEL,Alolan Sandshrew,300,50,75,90,10,35,40,orginal,ICESTEEL
39,28,Sandslash,GROUND,,,450,75,100,110,45,55,65,orginal,GROUND
40,28,Sandslash,ICE,STEEL,Alolan Sandslash,450,75,100,120,25,65,65,orginal,ICESTEEL
41,29,Nidoran?,POISON,,,275,55,47,52,40,40,41,orginal,POISON
42,30,Nidorina,POISON,,,365,70,62,67,55,55,56,orginal,POISON
43,31,Nidoqueen,POISON,GROUND,,505,90,92,87,75,85,76,orginal,POISONGROUND
44,32,Nidoran?,POISON,,,273,46,57,40,40,40,50,orginal,POISON
45,33,Nidorino,POISON,,,365,61,72,57,55,55,65,orginal,POISON
46,34,Nidoking,POISON,GROUND,,505,81,102,77,85,75,85,orginal,POISONGROUND
47,35,Clefairy,FAIRY,,,323,70,45,48,60,65,35,orginal,FAIRY
48,36,Clefable,FAIRY,,,483,95,70,73,95,90,60,orginal,FAIRY
49,37,Vulpix,FIRE,,,299,38,41,40,50,65,65,orginal,FIRE
50,37,Vulpix,ICE,,Alolan Vulpix,299,38,41,40,50,65,65,orginal,ICE
51,38,Ninetales,FIRE,,,505,73,76,75,81,100,100,orginal,FIRE
52,38,Ninetales,ICE,FAIRY,Alolan Ninetales,505,73,67,75,81,100,109,orginal,ICEFAIRY
53,39,Jigglypuff,NORMAL,FAIRY,,270,115,45,20,45,25,20,orginal,NORMALFAIRY
54,40,Wigglytuff,NORMAL,FAIRY,,435,140,70,45,85,50,45,orginal,NORMALFAIRY
55,41,Zubat,POISON,FLYING,,245,40,45,35,30,40,55,orginal,POISONFLYING
56,42,Golbat,POISON,FLYING,,455,75,80,70,65,75,90,orginal,POISONFLYING
57,43,Oddish,GRASS,POISON,,320,45,50,55,75,65,30,orginal,GRASSPOISON
58,44,Gloom,GRASS,POISON,,395,60,65,70,85,75,40,orginal,GRASSPOISON
59,45,Vileplume,GRASS,POISON,,490,75,80,85,110,90,50,orginal,GRASSPOISON
60,46,Paras,BUG,GRASS,,285,35,70,55,45,55,25,orginal,BUGGRASS
61,47,Parasect,BUG,GRASS,,405,60,95,80,60,80,30,orginal,BUGGRASS
62,48,Venonat,BUG,POISON,,305,60,55,50,40,55,45,orginal,BUGPOISON
63,49,Venomoth,BUG,POISON,,450,70,65,60,90,75,90,orginal,BUGPOISON
64,50,Diglett,GROUND,,,265,10,55,25,35,45,95,orginal,GROUND
65,50,Diglett,GROUND,STEEL,Alolan Diglett,265,10,55,30,35,45,90,orginal,GROUNDSTEEL
66,51,Dugtrio,GROUND,,,425,35,100,50,50,70,120,orginal,GROUND
67,51,Dugtrio,GROUND,STEEL,Alolan Dugtrio,425,35,100,60,50,70,110,orginal,GROUNDSTEEL
68,52,Meowth,NORMAL,,,290,40,45,35,40,40,90,orginal,NORMAL
69,52,Meowth,DARK,,Alolan Meowth,290,40,35,35,50,40,90,orginal,DARK
70,52,Meowth,STEEL,,Galarian Meowth,290,50,65,55,40,40,40,orginal,STEEL
71,53,Persian,NORMAL,,,440,65,70,60,65,65,115,orginal,NORMAL
72,53,Persian,DARK,,Alolan Persian,440,65,60,60,75,65,115,orginal,DARK
73,54,Psyduck,WATER,,,320,50,52,48,65,50,55,orginal,WATER
74,55,Golduck,WATER,,,500,80,82,78,95,80,85,orginal,WATER
75,56,Mankey,FIGHTING,,,305,40,80,35,35,45,70,orginal,FIGHTING
76,57,Primeape,FIGHTING,,,455,65,105,60,60,70,95,orginal,FIGHTING
77,58,Growlithe,FIRE,,,350,55,70,45,70,50,60,orginal,FIRE
78,59,Arcanine,FIRE,,,555,90,110,80,100,80,95,orginal,FIRE
79,60,Poliwag,WATER,,,300,40,50,40,40,40,90,orginal,WATER
80,61,Poliwhirl,WATER,,,385,65,65,65,50,50,90,orginal,WATER
81,62,Poliwrath,WATER,FIGHTING,,510,90,95,95,70,90,70,orginal,WATERFIGHTING
82,63,Abra,PSYCHIC,,,310,25,20,15,105,55,90,orginal,PSYCHIC
83,64,Kadabra,PSYCHIC,,,400,40,35,30,120,70,105,orginal,PSYCHIC
84,65,Alakazam,PSYCHIC,,,500,55,50,45,135,95,120,orginal,PSYCHIC
85,65,Alakazam,PSYCHIC,,Mega Alakazam,600,55,50,65,175,105,150,orginal,PSYCHIC
86,66,Machop,FIGHTING,,,305,70,80,50,35,35,35,orginal,FIGHTING
87,67,Machoke,FIGHTING,,,405,80,100,70,50,60,45,orginal,FIGHTING
88,68,Machamp,FIGHTING,,,505,90,130,80,65,85,55,orginal,FIGHTING
89,69,Bellsprout,GRASS,POISON,,300,50,75,35,70,30,40,orginal,GRASSPOISON
90,70,Weepinbell,GRASS,POISON,,390,65,90,50,85,45,55,orginal,GRASSPOISON
91,71,Victreebel,GRASS,POISON,,490,80,105,65,100,70,70,orginal,GRASSPOISON
92,72,Tentacool,WATER,POISON,,335,40,40,35,50,100,70,orginal,WATERPOISON
93,73,Tentacruel,WATER,POISON,,515,80,70,65,80,120,100,orginal,WATERPOISON
94,74,Geodude,ROCK,GROUND,,300,40,80,100,30,30,20,orginal,ROCKGROUND
95,74,Geodude,ROCK,ELECTRIC,Alolan Geodude,300,40,80,100,30,30,20,orginal,ROCKELECTRIC
96,75,Graveler,ROCK,GROUND,,390,55,95,115,45,45,35,orginal,ROCKGROUND
97,75,Graveler,ROCK,ELECTRIC,Alolan Graveler,390,55,95,115,45,45,35,orginal,ROCKELECTRIC
98,76,Golem,ROCK,GROUND,,495,80,120,130,55,65,45,orginal,ROCKGROUND
99,76,Golem,ROCK,ELECTRIC,Alolan Golem,495,80,120,130,55,65,45,orginal,ROCKELECTRIC
100,77,Ponyta,FIRE,,,410,50,85,55,65,65,90,orginal,FIRE
101,77,Ponyta,PSYCHIC,,Galarian Ponyta,410,50,85,55,65,65,90,orginal,PSYCHIC
102,78,Rapidash,FIRE,,,500,65,100,70,80,80,105,orginal,FIRE
103,78,Rapidash,PSYCHIC,FAIRY,Galarian Rapidash,500,65,100,70,80,80,105,orginal,PSYCHICFAIRY
104,79,Slowpoke,WATER,PSYCHIC,,315,90,65,65,40,40,15,orginal,WATERPSYCHIC
105,79,Slowpoke,PSYCHIC,,Galarian Slowpoke,315,90,65,65,40,40,15,orginal,PSYCHIC
106,80,Slowbro,WATER,PSYCHIC,,490,95,75,110,100,80,30,orginal,WATERPSYCHIC
107,80,Slowbro,WATER,PSYCHIC,Mega Slowbro,590,95,75,180,130,80,30,orginal,WATERPSYCHIC
108,80,Slowbro,POISON,PSYCHIC,Galarian Slowbro,490,95,100,95,100,70,30,orginal,POISONPSYCHIC
109,81,Magnemite,ELECTRIC,STEEL,,325,25,35,70,95,55,45,orginal,ELECTRICSTEEL
110,82,Magneton,ELECTRIC,STEEL,,465,50,60,95,120,70,70,orginal,ELECTRICSTEEL
111,83,Farfetch'd,NORMAL,FLYING,,377,52,90,55,58,62,60,orginal,NORMALFLYING
112,83,Farfetch'd,FIGHTING,,Galarian Farfetch'd,377,52,95,55,58,62,55,orginal,FIGHTING
113,84,Doduo,NORMAL,FLYING,,310,35,85,45,35,35,75,orginal,NORMALFLYING
114,85,Dodrio,NORMAL,FLYING,,470,60,110,70,60,60,110,orginal,NORMALFLYING
115,86,Seel,WATER,,,325,65,45,55,45,70,45,orginal,WATER
116,87,Dewgong,WATER,ICE,,475,90,70,80,70,95,70,orginal,WATERICE
117,88,Grimer,POISON,,,325,80,80,50,40,50,25,orginal,POISON
118,88,Grimer,POISON,DARK,Alolan Grimer,325,80,80,50,40,50,25,orginal,POISONDARK
119,89,Muk,POISON,,,500,105,105,75,65,100,50,orginal,POISON
120,89,Muk,POISON,DARK,Alolan Muk,500,105,105,75,65,100,50,orginal,POISONDARK
121,90,Shellder,WATER,,,305,30,65,100,45,25,40,orginal,WATER
122,91,Cloyster,WATER,ICE,,525,50,95,180,85,45,70,orginal,WATERICE
123,92,Gastly,GHOST,POISON,,310,30,35,30,100,35,80,orginal,GHOSTPOISON
124,93,Haunter,GHOST,POISON,,405,45,50,45,115,55,95,orginal,GHOSTPOISON
125,94,Gengar,GHOST,POISON,,500,60,65,60,130,75,110,orginal,GHOSTPOISON
126,94,Gengar,GHOST,POISON,Mega Gengar,600,60,65,80,170,95,130,orginal,GHOSTPOISON
127,95,Onix,ROCK,GROUND,,385,35,45,160,30,45,70,orginal,ROCKGROUND
128,96,Drowzee,PSYCHIC,,,328,60,48,45,43,90,42,orginal,PSYCHIC
129,97,Hypno,PSYCHIC,,,483,85,73,70,73,115,67,orginal,PSYCHIC
130,98,Krabby,WATER,,,325,30,105,90,25,25,50,orginal,WATER
131,99,Kingler,WATER,,,475,55,130,115,50,50,75,orginal,WATER
132,100,Voltorb,ELECTRIC,,,330,40,30,50,55,55,100,orginal,ELECTRIC
133,101,Electrode,ELECTRIC,,,490,60,50,70,80,80,150,orginal,ELECTRIC
134,102,Exeggcute,GRASS,PSYCHIC,,325,60,40,80,60,45,40,orginal,GRASSPSYCHIC
135,103,Exeggutor,GRASS,PSYCHIC,,530,95,95,85,125,75,55,orginal,GRASSPSYCHIC
136,103,Exeggutor,GRASS,DRAGON,Alolan Exeggutor,530,95,105,85,125,75,45,orginal,GRASSDRAGON
137,104,Cubone,GROUND,,,320,50,50,95,40,50,35,orginal,GROUND
138,105,Marowak,GROUND,,,425,60,80,110,50,80,45,orginal,GROUND
139,105,Marowak,FIRE,GHOST,Alolan Marowak,425,60,80,110,50,80,45,orginal,FIREGHOST
140,106,Hitmonlee,FIGHTING,,,455,50,120,53,35,110,87,orginal,FIGHTING
141,107,Hitmonchan,FIGHTING,,,455,50,105,79,35,110,76,orginal,FIGHTING
142,108,Lickitung,NORMAL,,,385,90,55,75,60,75,30,orginal,NORMAL
143,109,Koffing,POISON,,,340,40,65,95,60,45,35,orginal,POISON
144,110,Weezing,POISON,,,490,65,90,120,85,70,60,orginal,POISON
145,110,Weezing,POISON,FAIRY,Galarian Weezing,490,65,90,120,85,70,60,orginal,POISONFAIRY
146,111,Rhyhorn,GROUND,ROCK,,345,80,85,95,30,30,25,orginal,GROUNDROCK
147,112,Rhydon,GROUND,ROCK,,485,105,130,120,45,45,40,orginal,GROUNDROCK
148,113,Chansey,NORMAL,,,450,250,5,5,35,105,50,orginal,NORMAL
149,114,Tangela,GRASS,,,435,65,55,115,100,40,60,orginal,GRASS
150,115,Kangaskhan,NORMAL,,,490,105,95,80,40,80,90,orginal,NORMAL
151,115,Kangaskhan,NORMAL,,Mega Kangaskhan,590,105,125,100,60,100,100,orginal,NORMAL
152,116,Horsea,WATER,,,295,30,40,70,70,25,60,orginal,WATER
153,117,Seadra,WATER,,,440,55,65,95,95,45,85,orginal,WATER
154,118,Goldeen,WATER,,,320,45,67,60,35,50,63,orginal,WATER
155,119,Seaking,WATER,,,450,80,92,65,65,80,68,orginal,WATER
156,120,Staryu,WATER,,,340,30,45,55,70,55,85,orginal,WATER
157,121,Starmie,WATER,PSYCHIC,,520,60,75,85,100,85,115,orginal,WATERPSYCHIC
158,122,Mr. Mime,PSYCHIC,FAIRY,,460,40,45,65,100,120,90,orginal,PSYCHICFAIRY
159,122,Mr. Mime,ICE,PSYCHIC,Galarian Mr. Mime,460,50,65,65,90,90,100,orginal,ICEPSYCHIC
160,123,Scyther,BUG,FLYING,,500,70,110,80,55,80,105,orginal,BUGFLYING
161,124,Jynx,ICE,PSYCHIC,,455,65,50,35,115,95,95,orginal,ICEPSYCHIC
162,125,Electabuzz,ELECTRIC,,,490,65,83,57,95,85,105,orginal,ELECTRIC
163,126,Magmar,FIRE,,,495,65,95,57,100,85,93,orginal,FIRE
164,127,Pinsir,BUG,,,500,65,125,100,55,70,85,orginal,BUG
165,127,Pinsir,BUG,FLYING,Mega Pinsir,600,65,155,120,65,90,105,orginal,BUGFLYING
166,128,Tauros,NORMAL,,,490,75,100,95,40,70,110,orginal,NORMAL
167,129,Magikarp,WATER,,,200,20,10,55,15,20,80,orginal,WATER
168,130,Gyarados,WATER,FLYING,,540,95,125,79,60,100,81,orginal,WATERFLYING
169,130,Gyarados,WATER,DARK,Mega Gyarados,640,95,155,109,70,130,81,orginal,WATERDARK
170,131,Lapras,WATER,ICE,,535,130,85,80,85,95,60,orginal,WATERICE
171,132,Ditto,NORMAL,,,288,48,48,48,48,48,48,orginal,NORMAL
172,133,Eevee,NORMAL,,,325,55,55,50,45,65,55,orginal,NORMAL
173,133,Eevee,NORMAL,,Partner Eevee,435,65,75,70,65,85,75,orginal,NORMAL
174,134,Vaporeon,WATER,,,525,130,65,60,110,95,65,orginal,WATER
175,135,Jolteon,ELECTRIC,,,525,65,65,60,110,95,130,orginal,ELECTRIC
176,136,Flareon,FIRE,,,525,65,130,60,95,110,65,orginal,FIRE
177,137,Porygon,NORMAL,,,395,65,60,70,85,75,40,orginal,NORMAL
178,138,Omanyte,ROCK,WATER,,355,35,40,100,90,55,35,orginal,ROCKWATER
179,139,Omastar,ROCK,WATER,,495,70,60,125,115,70,55,orginal,ROCKWATER
180,140,Kabuto,ROCK,WATER,,355,30,80,90,55,45,55,orginal,ROCKWATER
181,141,Kabutops,ROCK,WATER,,495,60,115,105,65,70,80,orginal,ROCKWATER
182,142,Aerodactyl,ROCK,FLYING,,515,80,105,65,60,75,130,orginal,ROCKFLYING
183,142,Aerodactyl,ROCK,FLYING,Mega Aerodactyl,615,80,135,85,70,95,150,orginal,ROCKFLYING
184,143,Snorlax,NORMAL,,,540,160,110,65,65,110,30,orginal,NORMAL
185,144,Articuno,ICE,FLYING,,580,90,85,100,95,125,85,orginal,ICEFLYING
186,144,Articuno,PSYCHIC,FLYING,Galarian Articuno,580,90,85,85,125,100,95,orginal,PSYCHICFLYING
187,145,Zapdos,ELECTRIC,FLYING,,580,90,90,85,125,90,100,orginal,ELECTRICFLYING
188,145,Zapdos,FIGHTING,FLYING,Galarian Zapdos,580,90,125,90,85,90,100,orginal,FIGHTINGFLYING
189,146,Moltres,FIRE,FLYING,,580,90,100,90,125,85,90,orginal,FIREFLYING
190,146,Moltres,DARK,FLYING,Galarian Moltres,580,90,85,90,100,125,90,orginal,DARKFLYING
191,147,Dratini,DRAGON,,,300,41,64,45,50,50,50,orginal,DRAGON
192,148,Dragonair,DRAGON,,,420,61,84,65,70,70,70,orginal,DRAGON
193,149,Dragonite,DRAGON,FLYING,,600,91,134,95,100,100,80,orginal,DRAGONFLYING
194,150,Mewtwo,PSYCHIC,,,680,106,110,90,154,90,130,orginal,PSYCHIC
195,150,Mewtwo,PSYCHIC,FIGHTING,Mega Mewtwo X,780,106,190,100,154,100,130,orginal,PSYCHICFIGHTING
196,150,Mewtwo,PSYCHIC,,Mega Mewtwo Y,780,106,150,70,194,120,140,orginal,PSYCHIC
197,151,Mew,PSYCHIC,,,600,100,100,100,100,100,100,orginal,PSYCHIC
198,152,Chikorita,GRASS,,,318,45,49,65,49,65,45,orginal,GRASS
199,153,Bayleef,GRASS,,,405,60,62,80,63,80,60,orginal,GRASS
200,154,Meganium,GRASS,,,525,80,82,100,83,100,80,orginal,GRASS
201,155,Cyndaquil,FIRE,,,309,39,52,43,60,50,65,orginal,FIRE
202,156,Quilava,FIRE,,,405,58,64,58,80,65,80,orginal,FIRE
203,157,Typhlosion,FIRE,,,534,78,84,78,109,85,100,orginal,FIRE
204,158,Totodile,WATER,,,314,50,65,64,44,48,43,orginal,WATER
205,159,Croconaw,WATER,,,405,65,80,80,59,63,58,orginal,WATER
206,160,Feraligatr,WATER,,,530,85,105,100,79,83,78,orginal,WATER
207,161,Sentret,NORMAL,,,215,35,46,34,35,45,20,orginal,NORMAL
208,162,Furret,NORMAL,,,415,85,76,64,45,55,90,orginal,NORMAL
209,163,Hoothoot,NORMAL,FLYING,,262,60,30,30,36,56,50,orginal,NORMALFLYING
210,164,Noctowl,NORMAL,FLYING,,452,100,50,50,86,96,70,orginal,NORMALFLYING
211,165,Ledyba,BUG,FLYING,,265,40,20,30,40,80,55,orginal,BUGFLYING
212,166,Ledian,BUG,FLYING,,390,55,35,50,55,110,85,orginal,BUGFLYING
213,167,Spinarak,BUG,POISON,,250,40,60,40,40,40,30,orginal,BUGPOISON
214,168,Ariados,BUG,POISON,,400,70,90,70,60,70,40,orginal,BUGPOISON
215,169,Crobat,POISON,FLYING,,535,85,90,80,70,80,130,orginal,POISONFLYING
216,170,Chinchou,WATER,ELECTRIC,,330,75,38,38,56,56,67,orginal,WATERELECTRIC
217,171,Lanturn,WATER,ELECTRIC,,460,125,58,58,76,76,67,orginal,WATERELECTRIC
218,172,Pichu,ELECTRIC,,,205,20,40,15,35,35,60,orginal,ELECTRIC
219,173,Cleffa,FAIRY,,,218,50,25,28,45,55,15,orginal,FAIRY
220,174,Igglybuff,NORMAL,FAIRY,,210,90,30,15,40,20,15,orginal,NORMALFAIRY
221,175,Togepi,FAIRY,,,245,35,20,65,40,65,20,orginal,FAIRY
222,176,Togetic,FAIRY,FLYING,,405,55,40,85,80,105,40,orginal,FAIRYFLYING
223,177,Natu,PSYCHIC,FLYING,,320,40,50,45,70,45,70,orginal,PSYCHICFLYING
224,178,Xatu,PSYCHIC,FLYING,,470,65,75,70,95,70,95,orginal,PSYCHICFLYING
225,179,Mareep,ELECTRIC,,,280,55,40,40,65,45,35,orginal,ELECTRIC
226,180,Flaaffy,ELECTRIC,,,365,70,55,55,80,60,45,orginal,ELECTRIC
227,181,Ampharos,ELECTRIC,,,510,90,75,85,115,90,55,orginal,ELECTRIC
228,181,Ampharos,ELECTRIC,DRAGON,Mega Ampharos,610,90,95,105,165,110,45,orginal,ELECTRICDRAGON
229,182,Bellossom,GRASS,,,490,75,80,95,90,100,50,orginal,GRASS
230,183,Marill,WATER,FAIRY,,250,70,20,50,20,50,40,orginal,WATERFAIRY
231,184,Azumarill,WATER,FAIRY,,420,100,50,80,60,80,50,orginal,WATERFAIRY
232,185,Sudowoodo,ROCK,,,410,70,100,115,30,65,30,orginal,ROCK
233,186,Politoed,WATER,,,500,90,75,75,90,100,70,orginal,WATER
234,187,Hoppip,GRASS,FLYING,,250,35,35,40,35,55,50,orginal,GRASSFLYING
235,188,Skiploom,GRASS,FLYING,,340,55,45,50,45,65,80,orginal,GRASSFLYING
236,189,Jumpluff,GRASS,FLYING,,460,75,55,70,55,95,110,orginal,GRASSFLYING
237,190,Aipom,NORMAL,,,360,55,70,55,40,55,85,orginal,NORMAL
238,191,Sunkern,GRASS,,,180,30,30,30,30,30,30,orginal,GRASS
239,192,Sunflora,GRASS,,,425,75,75,55,105,85,30,orginal,GRASS
240,193,Yanma,BUG,FLYING,,390,65,65,45,75,45,95,orginal,BUGFLYING
241,194,Wooper,WATER,GROUND,,210,55,45,45,25,25,15,orginal,WATERGROUND
242,195,Quagsire,WATER,GROUND,,430,95,85,85,65,65,35,orginal,WATERGROUND
243,196,Espeon,PSYCHIC,,,525,65,65,60,130,95,110,orginal,PSYCHIC
244,197,Umbreon,DARK,,,525,95,65,110,60,130,65,orginal,DARK
245,198,Murkrow,DARK,FLYING,,405,60,85,42,85,42,91,orginal,DARKFLYING
246,199,Slowking,WATER,PSYCHIC,,490,95,75,80,100,110,30,orginal,WATERPSYCHIC
247,199,Slowking,POISON,PSYCHIC,Galarian Slowking,490,95,65,80,110,110,30,orginal,POISONPSYCHIC
248,200,Misdreavus,GHOST,,,435,60,60,60,85,85,85,orginal,GHOST
249,201,Unown,PSYCHIC,,,336,48,72,48,72,48,48,orginal,PSYCHIC
250,202,Wobbuffet,PSYCHIC,,,405,190,33,58,33,58,33,orginal,PSYCHIC
251,203,Girafarig,NORMAL,PSYCHIC,,455,70,80,65,90,65,85,orginal,NORMALPSYCHIC
252,204,Pineco,BUG,,,290,50,65,90,35,35,15,orginal,BUG
253,205,Forretress,BUG,STEEL,,465,75,90,140,60,60,40,orginal,BUGSTEEL
254,206,Dunsparce,NORMAL,,,415,100,70,70,65,65,45,orginal,NORMAL
255,207,Gligar,GROUND,FLYING,,430,65,75,105,35,65,85,orginal,GROUNDFLYING
256,208,Steelix,STEEL,GROUND,,510,75,85,200,55,65,30,orginal,STEELGROUND
257,208,Steelix,STEEL,GROUND,Mega Steelix,610,75,125,230,55,95,30,orginal,STEELGROUND
258,209,Snubbull,FAIRY,,,300,60,80,50,40,40,30,orginal,FAIRY
259,210,Granbull,FAIRY,,,450,90,120,75,60,60,45,orginal,FAIRY
260,211,Qwilfish,WATER,POISON,,440,65,95,85,55,55,85,orginal,WATERPOISON
261,212,Scizor,BUG,STEEL,,500,70,130,100,55,80,65,orginal,BUGSTEEL
262,212,Scizor,BUG,STEEL,Mega Scizor,600,70,150,140,65,100,75,orginal,BUGSTEEL
263,213,Shuckle,BUG,ROCK,,505,20,10,230,10,230,5,orginal,BUGROCK
264,214,Heracross,BUG,FIGHTING,,500,80,125,75,40,95,85,orginal,BUGFIGHTING
265,214,Heracross,BUG,FIGHTING,Mega Heracross,600,80,185,115,40,105,75,orginal,BUGFIGHTING
266,215,Sneasel,DARK,ICE,,430,55,95,55,35,75,115,orginal,DARKICE
267,216,Teddiursa,NORMAL,,,330,60,80,50,50,50,40,orginal,NORMAL
268,217,Ursaring,NORMAL,,,500,90,130,75,75,75,55,orginal,NORMAL
269,218,Slugma,FIRE,,,250,40,40,40,70,40,20,orginal,FIRE
270,219,Magcargo,FIRE,ROCK,,430,60,50,120,90,80,30,orginal,FIREROCK
271,220,Swinub,ICE,GROUND,,250,50,50,40,30,30,50,orginal,ICEGROUND
272,221,Piloswine,ICE,GROUND,,450,100,100,80,60,60,50,orginal,ICEGROUND
273,222,Corsola,WATER,ROCK,,410,65,55,95,65,95,35,orginal,WATERROCK
274,222,Corsola,GHOST,,Galarian Corsola,410,60,55,100,65,100,30,orginal,GHOST
275,223,Remoraid,WATER,,,300,35,65,35,65,35,65,orginal,WATER
276,224,Octillery,WATER,,,480,75,105,75,105,75,45,orginal,WATER
277,225,Delibird,ICE,FLYING,,330,45,55,45,65,45,75,orginal,ICEFLYING
278,226,Mantine,WATER,FLYING,,485,85,40,70,80,140,70,orginal,WATERFLYING
279,227,Skarmory,STEEL,FLYING,,465,65,80,140,40,70,70,orginal,STEELFLYING
280,228,Houndour,DARK,FIRE,,330,45,60,30,80,50,65,orginal,DARKFIRE
281,229,Houndoom,DARK,FIRE,,500,75,90,50,110,80,95,orginal,DARKFIRE
282,229,Houndoom,DARK,FIRE,Mega Houndoom,600,75,90,90,140,90,115,orginal,DARKFIRE
283,230,Kingdra,WATER,DRAGON,,540,75,95,95,95,95,85,orginal,WATERDRAGON
284,231,Phanpy,GROUND,,,330,90,60,60,40,40,40,orginal,GROUND
285,232,Donphan,GROUND,,,500,90,120,120,60,60,50,orginal,GROUND
286,233,Porygon2,NORMAL,,,515,85,80,90,105,95,60,orginal,NORMAL
287,234,Stantler,NORMAL,,,465,73,95,62,85,65,85,orginal,NORMAL
288,235,Smeargle,NORMAL,,,250,55,20,35,20,45,75,orginal,NORMAL
289,236,Tyrogue,FIGHTING,,,210,35,35,35,35,35,35,orginal,FIGHTING
290,237,Hitmontop,FIGHTING,,,455,50,95,95,35,110,70,orginal,FIGHTING
291,238,Smoochum,ICE,PSYCHIC,,305,45,30,15,85,65,65,orginal,ICEPSYCHIC
292,239,Elekid,ELECTRIC,,,360,45,63,37,65,55,95,orginal,ELECTRIC
293,240,Magby,FIRE,,,365,45,75,37,70,55,83,orginal,FIRE
294,241,Miltank,NORMAL,,,490,95,80,105,40,70,100,orginal,NORMAL
295,242,Blissey,NORMAL,,,540,255,10,10,75,135,55,orginal,NORMAL
296,243,Raikou,ELECTRIC,,,580,90,85,75,115,100,115,orginal,ELECTRIC
297,244,Entei,FIRE,,,580,115,115,85,90,75,100,orginal,FIRE
298,245,Suicune,WATER,,,580,100,75,115,90,115,85,orginal,WATER
299,246,Larvitar,ROCK,GROUND,,300,50,64,50,45,50,41,orginal,ROCKGROUND
300,247,Pupitar,ROCK,GROUND,,410,70,84,70,65,70,51,orginal,ROCKGROUND
301,248,Tyranitar,ROCK,DARK,,600,100,134,110,95,100,61,orginal,ROCKDARK
302,248,Tyranitar,ROCK,DARK,Mega Tyranitar,700,100,164,150,95,120,71,orginal,ROCKDARK
303,249,Lugia,PSYCHIC,FLYING,,680,106,90,130,90,154,110,orginal,PSYCHICFLYING
304,250,Ho-oh,FIRE,FLYING,,680,106,130,90,110,154,90,orginal,FIREFLYING
305,251,Celebi,PSYCHIC,GRASS,,600,100,100,100,100,100,100,orginal,PSYCHICGRASS
306,252,Treecko,GRASS,,,310,40,45,35,65,55,70,orginal,GRASS
307,253,Grovyle,GRASS,,,405,50,65,45,85,65,95,orginal,GRASS
308,254,Sceptile,GRASS,,,530,70,85,65,105,85,120,orginal,GRASS
309,254,Sceptile,GRASS,DRAGON,Mega Sceptile,630,70,110,75,145,85,145,orginal,GRASSDRAGON
310,255,Torchic,FIRE,,,310,45,60,40,70,50,45,orginal,FIRE
311,256,Combusken,FIRE,FIGHTING,,405,60,85,60,85,60,55,orginal,FIREFIGHTING
312,257,Blaziken,FIRE,FIGHTING,,530,80,120,70,110,70,80,orginal,FIREFIGHTING
313,257,Blaziken,FIRE,FIGHTING,Mega Blaziken,630,80,160,80,130,80,100,orginal,FIREFIGHTING
314,258,Mudkip,WATER,,,310,50,70,50,50,50,40,orginal,WATER
315,259,Marshtomp,WATER,GROUND,,405,70,85,70,60,70,50,orginal,WATERGROUND
316,260,Swampert,WATER,GROUND,,535,100,110,90,85,90,60,orginal,WATERGROUND
317,260,Swampert,WATER,GROUND,Mega Swampert,635,100,150,110,95,110,70,orginal,WATERGROUND
318,261,Poochyena,DARK,,,220,35,55,35,30,30,35,orginal,DARK
319,262,Mightyena,DARK,,,420,70,90,70,60,60,70,orginal,DARK
320,263,Zigzagoon,NORMAL,,,240,38,30,41,30,41,60,orginal,NORMAL
321,263,Zigzagoon,DARK,NORMAL,Galarian Zigzagoon,240,38,30,41,30,41,60,orginal,DARKNORMAL
322,264,Linoone,NORMAL,,,420,78,70,61,50,61,100,orginal,NORMAL
323,264,Linoone,DARK,NORMAL,Galarian Linoone,420,78,70,61,50,61,100,orginal,DARKNORMAL
324,265,Wurmple,BUG,,,195,45,45,35,20,30,20,orginal,BUG
325,266,Silcoon,BUG,,,205,50,35,55,25,25,15,orginal,BUG
326,267,Beautifly,BUG,FLYING,,395,60,70,50,100,50,65,orginal,BUGFLYING
327,268,Cascoon,BUG,,,205,50,35,55,25,25,15,orginal,BUG
328,269,Dustox,BUG,POISON,,385,60,50,70,50,90,65,orginal,BUGPOISON
329,270,Lotad,WATER,GRASS,,220,40,30,30,40,50,30,orginal,WATERGRASS
330,271,Lombre,WATER,GRASS,,340,60,50,50,60,70,50,orginal,WATERGRASS
331,272,Ludicolo,WATER,GRASS,,480,80,70,70,90,100,70,orginal,WATERGRASS
332,273,Seedot,GRASS,,,220,40,40,50,30,30,30,orginal,GRASS
333,274,Nuzleaf,GRASS,DARK,,340,70,70,40,60,40,60,orginal,GRASSDARK
334,275,Shiftry,GRASS,DARK,,480,90,100,60,90,60,80,orginal,GRASSDARK
335,276,Taillow,NORMAL,FLYING,,270,40,55,30,30,30,85,orginal,NORMALFLYING
336,277,Swellow,NORMAL,FLYING,,455,60,85,60,75,50,125,orginal,NORMALFLYING
337,278,Wingull,WATER,FLYING,,270,40,30,30,55,30,85,orginal,WATERFLYING
338,279,Pelipper,WATER,FLYING,,440,60,50,100,95,70,65,orginal,WATERFLYING
339,280,Ralts,PSYCHIC,FAIRY,,198,28,25,25,45,35,40,orginal,PSYCHICFAIRY
340,281,Kirlia,PSYCHIC,FAIRY,,278,38,35,35,65,55,50,orginal,PSYCHICFAIRY
341,282,Gardevoir,PSYCHIC,FAIRY,,518,68,65,65,125,115,80,orginal,PSYCHICFAIRY
342,282,Gardevoir,PSYCHIC,FAIRY,Mega Gardevoir,618,68,85,65,165,135,100,orginal,PSYCHICFAIRY
343,283,Surskit,BUG,WATER,,269,40,30,32,50,52,65,orginal,BUGWATER
344,284,Masquerain,BUG,FLYING,,454,70,60,62,100,82,80,orginal,BUGFLYING
345,285,Shroomish,GRASS,,,295,60,40,60,40,60,35,orginal,GRASS
346,286,Breloom,GRASS,FIGHTING,,460,60,130,80,60,60,70,orginal,GRASSFIGHTING
347,287,Slakoth,NORMAL,,,280,60,60,60,35,35,30,orginal,NORMAL
348,288,Vigoroth,NORMAL,,,440,80,80,80,55,55,90,orginal,NORMAL
349,289,Slaking,NORMAL,,,670,150,160,100,95,65,100,orginal,NORMAL
350,290,Nincada,BUG,GROUND,,266,31,45,90,30,30,40,orginal,BUGGROUND
351,291,Ninjask,BUG,FLYING,,456,61,90,45,50,50,160,orginal,BUGFLYING
352,292,Shedinja,BUG,GHOST,,236,1,90,45,30,30,40,orginal,BUGGHOST
353,293,Whismur,NORMAL,,,240,64,51,23,51,23,28,orginal,NORMAL
354,294,Loudred,NORMAL,,,360,84,71,43,71,43,48,orginal,NORMAL
355,295,Exploud,NORMAL,,,490,104,91,63,91,73,68,orginal,NORMAL
356,296,Makuhita,FIGHTING,,,237,72,60,30,20,30,25,orginal,FIGHTING
357,297,Hariyama,FIGHTING,,,474,144,120,60,40,60,50,orginal,FIGHTING
358,298,Azurill,NORMAL,FAIRY,,190,50,20,40,20,40,20,orginal,NORMALFAIRY
359,299,Nosepass,ROCK,,,375,30,45,135,45,90,30,orginal,ROCK
360,300,Skitty,NORMAL,,,260,50,45,45,35,35,50,orginal,NORMAL
361,301,Delcatty,NORMAL,,,400,70,65,65,55,55,90,orginal,NORMAL
362,302,Sableye,DARK,GHOST,,380,50,75,75,65,65,50,orginal,DARKGHOST
363,302,Sableye,DARK,GHOST,Mega Sableye,480,50,85,125,85,115,20,orginal,DARKGHOST
364,303,Mawile,STEEL,FAIRY,,380,50,85,85,55,55,50,orginal,STEELFAIRY
365,303,Mawile,STEEL,FAIRY,Mega Mawile,480,50,105,125,55,95,50,orginal,STEELFAIRY
366,304,Aron,STEEL,ROCK,,330,50,70,100,40,40,30,orginal,STEELROCK
367,305,Lairon,STEEL,ROCK,,430,60,90,140,50,50,40,orginal,STEELROCK
368,306,Aggron,STEEL,ROCK,,530,70,110,180,60,60,50,orginal,STEELROCK
369,306,Aggron,STEEL,,Mega Aggron,630,70,140,230,60,80,50,orginal,STEEL
370,307,Meditite,FIGHTING,PSYCHIC,,280,30,40,55,40,55,60,orginal,FIGHTINGPSYCHIC
371,308,Medicham,FIGHTING,PSYCHIC,,410,60,60,75,60,75,80,orginal,FIGHTINGPSYCHIC
372,308,Medicham,FIGHTING,PSYCHIC,Mega Medicham,510,60,100,85,80,85,100,orginal,FIGHTINGPSYCHIC
373,309,Electrike,ELECTRIC,,,295,40,45,40,65,40,65,orginal,ELECTRIC
374,310,Manectric,ELECTRIC,,,475,70,75,60,105,60,105,orginal,ELECTRIC
375,310,Manectric,ELECTRIC,,Mega Manectric,575,70,75,80,135,80,135,orginal,ELECTRIC
376,311,Plusle,ELECTRIC,,,405,60,50,40,85,75,95,orginal,ELECTRIC
377,312,Minun,ELECTRIC,,,405,60,40,50,75,85,95,orginal,ELECTRIC
378,313,Volbeat,BUG,,,430,65,73,75,47,85,85,orginal,BUG
379,314,Illumise,BUG,,,430,65,47,75,73,85,85,orginal,BUG
380,315,Roselia,GRASS,POISON,,400,50,60,45,100,80,65,orginal,GRASSPOISON
381,316,Gulpin,POISON,,,302,70,43,53,43,53,40,orginal,POISON
382,317,Swalot,POISON,,,467,100,73,83,73,83,55,orginal,POISON
383,318,Carvanha,WATER,DARK,,305,45,90,20,65,20,65,orginal,WATERDARK
384,319,Sharpedo,WATER,DARK,,460,70,120,40,95,40,95,orginal,WATERDARK
385,319,Sharpedo,WATER,DARK,Mega Sharpedo,560,70,140,70,110,65,105,orginal,WATERDARK
386,320,Wailmer,WATER,,,400,130,70,35,70,35,60,orginal,WATER
387,321,Wailord,WATER,,,500,170,90,45,90,45,60,orginal,WATER
388,322,Numel,FIRE,GROUND,,305,60,60,40,65,45,35,orginal,FIREGROUND
389,323,Camerupt,FIRE,GROUND,,460,70,100,70,105,75,40,orginal,FIREGROUND
390,323,Camerupt,FIRE,GROUND,Mega Camerupt,560,70,120,100,145,105,20,orginal,FIREGROUND
391,324,Torkoal,FIRE,,,470,70,85,140,85,70,20,orginal,FIRE
392,325,Spoink,PSYCHIC,,,330,60,25,35,70,80,60,orginal,PSYCHIC
393,326,Grumpig,PSYCHIC,,,470,80,45,65,90,110,80,orginal,PSYCHIC
394,327,Spinda,NORMAL,,,360,60,60,60,60,60,60,orginal,NORMAL
395,328,Trapinch,GROUND,,,290,45,100,45,45,45,10,orginal,GROUND
396,329,Vibrava,GROUND,DRAGON,,340,50,70,50,50,50,70,orginal,GROUNDDRAGON
397,330,Flygon,GROUND,DRAGON,,520,80,100,80,80,80,100,orginal,GROUNDDRAGON
398,331,Cacnea,GRASS,,,335,50,85,40,85,40,35,orginal,GRASS
399,332,Cacturne,GRASS,DARK,,475,70,115,60,115,60,55,orginal,GRASSDARK
400,333,Swablu,NORMAL,FLYING,,310,45,40,60,40,75,50,orginal,NORMALFLYING
401,334,Altaria,DRAGON,FLYING,,490,75,70,90,70,105,80,orginal,DRAGONFLYING
402,334,Altaria,DRAGON,FAIRY,Mega Altaria,590,75,110,110,110,105,80,orginal,DRAGONFAIRY
403,335,Zangoose,NORMAL,,,458,73,115,60,60,60,90,orginal,NORMAL
404,336,Seviper,POISON,,,458,73,100,60,100,60,65,orginal,POISON
405,337,Lunatone,ROCK,PSYCHIC,,460,90,55,65,95,85,70,orginal,ROCKPSYCHIC
406,338,Solrock,ROCK,PSYCHIC,,460,90,95,85,55,65,70,orginal,ROCKPSYCHIC
407,339,Barboach,WATER,GROUND,,288,50,48,43,46,41,60,orginal,WATERGROUND
408,340,Whiscash,WATER,GROUND,,468,110,78,73,76,71,60,orginal,WATERGROUND
409,341,Corphish,WATER,,,308,43,80,65,50,35,35,orginal,WATER
410,342,Crawdaunt,WATER,DARK,,468,63,120,85,90,55,55,orginal,WATERDARK
411,343,Baltoy,GROUND,PSYCHIC,,300,40,40,55,40,70,55,orginal,GROUNDPSYCHIC
412,344,Claydol,GROUND,PSYCHIC,,500,60,70,105,70,120,75,orginal,GROUNDPSYCHIC
413,345,Lileep,ROCK,GRASS,,355,66,41,77,61,87,23,orginal,ROCKGRASS
414,346,Cradily,ROCK,GRASS,,495,86,81,97,81,107,43,orginal,ROCKGRASS
415,347,Anorith,ROCK,BUG,,355,45,95,50,40,50,75,orginal,ROCKBUG
416,348,Armaldo,ROCK,BUG,,495,75,125,100,70,80,45,orginal,ROCKBUG
417,349,Feebas,WATER,,,200,20,15,20,10,55,80,orginal,WATER
418,350,Milotic,WATER,,,540,95,60,79,100,125,81,orginal,WATER
419,351,Castform,NORMAL,,,420,70,70,70,70,70,70,orginal,NORMAL
420,351,Castform,FIRE,,Sunny Form,420,70,70,70,70,70,70,orginal,FIRE
421,351,Castform,WATER,,Rainy Form,420,70,70,70,70,70,70,orginal,WATER
422,351,Castform,ICE,,Snowy Form,420,70,70,70,70,70,70,orginal,ICE
423,352,Kecleon,NORMAL,,,440,60,90,70,60,120,40,orginal,NORMAL
424,353,Shuppet,GHOST,,,295,44,75,35,63,33,45,orginal,GHOST
425,354,Banette,GHOST,,,455,64,115,65,83,63,65,orginal,GHOST
426,354,Banette,GHOST,,Mega Banette,555,64,165,75,93,83,75,orginal,GHOST
427,355,Duskull,GHOST,,,295,20,40,90,30,90,25,orginal,GHOST
428,356,Dusclops,GHOST,,,455,40,70,130,60,130,25,orginal,GHOST
429,357,Tropius,GRASS,FLYING,,460,99,68,83,72,87,51,orginal,GRASSFLYING
430,358,Chimecho,PSYCHIC,,,455,75,50,80,95,90,65,orginal,PSYCHIC
431,359,Absol,DARK,,,465,65,130,60,75,60,75,orginal,DARK
432,359,Absol,DARK,,Mega Absol,565,65,150,60,115,60,115,orginal,DARK
433,360,Wynaut,PSYCHIC,,,260,95,23,48,23,48,23,orginal,PSYCHIC
434,361,Snorunt,ICE,,,300,50,50,50,50,50,50,orginal,ICE
435,362,Glalie,ICE,,,480,80,80,80,80,80,80,orginal,ICE
436,362,Glalie,ICE,,Mega Glalie,580,80,120,80,120,80,100,orginal,ICE
437,363,Spheal,ICE,WATER,,290,70,40,50,55,50,25,orginal,ICEWATER
438,364,Sealeo,ICE,WATER,,410,90,60,70,75,70,45,orginal,ICEWATER
439,365,Walrein,ICE,WATER,,530,110,80,90,95,90,65,orginal,ICEWATER
440,366,Clamperl,WATER,,,345,35,64,85,74,55,32,orginal,WATER
441,367,Huntail,WATER,,,485,55,104,105,94,75,52,orginal,WATER
442,368,Gorebyss,WATER,,,485,55,84,105,114,75,52,orginal,WATER
443,369,Relicanth,WATER,ROCK,,485,100,90,130,45,65,55,orginal,WATERROCK
444,370,Luvdisc,WATER,,,330,43,30,55,40,65,97,orginal,WATER
445,371,Bagon,DRAGON,,,300,45,75,60,40,30,50,orginal,DRAGON
446,372,Shelgon,DRAGON,,,420,65,95,100,60,50,50,orginal,DRAGON
447,373,Salamence,DRAGON,FLYING,,600,95,135,80,110,80,100,orginal,DRAGONFLYING
448,373,Salamence,DRAGON,FLYING,Mega Salamence,700,95,145,130,120,90,120,orginal,DRAGONFLYING
449,374,Beldum,STEEL,PSYCHIC,,300,40,55,80,35,60,30,orginal,STEELPSYCHIC
450,375,Metang,STEEL,PSYCHIC,,420,60,75,100,55,80,50,orginal,STEELPSYCHIC
451,376,Metagross,STEEL,PSYCHIC,,600,80,135,130,95,90,70,orginal,STEELPSYCHIC
452,376,Metagross,STEEL,PSYCHIC,Mega Metagross,700,80,145,150,105,110,110,orginal,STEELPSYCHIC
453,377,Regirock,ROCK,,,580,80,100,200,50,100,50,orginal,ROCK
454,378,Regice,ICE,,,580,80,50,100,100,200,50,orginal,ICE
455,379,Registeel,STEEL,,,580,80,75,150,75,150,50,orginal,STEEL
456,380,Latias,DRAGON,PSYCHIC,,600,80,80,90,110,130,110,orginal,DRAGONPSYCHIC
457,380,Latias,DRAGON,PSYCHIC,Mega Latias,700,80,100,120,140,150,110,orginal,DRAGONPSYCHIC
458,381,Latios,DRAGON,PSYCHIC,,600,80,90,80,130,110,110,orginal,DRAGONPSYCHIC
459,381,Latios,DRAGON,PSYCHIC,Mega Latios,700,80,130,100,160,120,110,orginal,DRAGONPSYCHIC
460,382,Kyogre,WATER,,,670,100,100,90,150,140,90,orginal,WATER
461,382,Kyogre,WATER,,Primal Kyogre,770,100,150,90,180,160,90,orginal,WATER
462,383,Groudon,GROUND,,,670,100,150,140,100,90,90,orginal,GROUND
463,383,Groudon,GROUND,FIRE,Primal Groudon,770,100,180,160,150,90,90,orginal,GROUNDFIRE
464,384,Rayquaza,DRAGON,FLYING,,680,105,150,90,150,90,95,orginal,DRAGONFLYING
465,384,Rayquaza,DRAGON,FLYING,Mega Rayquaza,780,105,180,100,180,100,115,orginal,DRAGONFLYING
466,385,Jirachi,STEEL,PSYCHIC,,600,100,100,100,100,100,100,orginal,STEELPSYCHIC
467,386,Deoxys,PSYCHIC,,Normal Forme,600,50,150,50,150,50,150,orginal,PSYCHIC
468,386,Deoxys,PSYCHIC,,Attack Forme,600,50,180,20,180,20,150,orginal,PSYCHIC
469,386,Deoxys,PSYCHIC,,Defense Forme,600,50,70,160,70,160,90,orginal,PSYCHIC
470,386,Deoxys,PSYCHIC,,Speed Forme,600,50,95,90,95,90,180,orginal,PSYCHIC
471,387,Turtwig,GRASS,,,318,55,68,64,45,55,31,orginal,GRASS
472,388,Grotle,GRASS,,,405,75,89,85,55,65,36,orginal,GRASS
473,389,Torterra,GRASS,GROUND,,525,95,109,105,75,85,56,orginal,GRASSGROUND
474,390,Chimchar,FIRE,,,309,44,58,44,58,44,61,orginal,FIRE
475,391,Monferno,FIRE,FIGHTING,,405,64,78,52,78,52,81,orginal,FIREFIGHTING
476,392,Infernape,FIRE,FIGHTING,,534,76,104,71,104,71,108,orginal,FIREFIGHTING
477,393,Piplup,WATER,,,314,53,51,53,61,56,40,orginal,WATER
478,394,Prinplup,WATER,,,405,64,66,68,81,76,50,orginal,WATER
479,395,Empoleon,WATER,STEEL,,530,84,86,88,111,101,60,orginal,WATERSTEEL
480,396,Starly,NORMAL,FLYING,,245,40,55,30,30,30,60,orginal,NORMALFLYING
481,397,Staravia,NORMAL,FLYING,,340,55,75,50,40,40,80,orginal,NORMALFLYING
482,398,Staraptor,NORMAL,FLYING,,485,85,120,70,50,60,100,orginal,NORMALFLYING
483,399,Bidoof,NORMAL,,,250,59,45,40,35,40,31,orginal,NORMAL
484,400,Bibarel,NORMAL,WATER,,410,79,85,60,55,60,71,orginal,NORMALWATER
485,401,Kricketot,BUG,,,194,37,25,41,25,41,25,orginal,BUG
486,402,Kricketune,BUG,,,384,77,85,51,55,51,65,orginal,BUG
487,403,Shinx,ELECTRIC,,,263,45,65,34,40,34,45,orginal,ELECTRIC
488,404,Luxio,ELECTRIC,,,363,60,85,49,60,49,60,orginal,ELECTRIC
489,405,Luxray,ELECTRIC,,,523,80,120,79,95,79,70,orginal,ELECTRIC
490,406,Budew,GRASS,POISON,,280,40,30,35,50,70,55,orginal,GRASSPOISON
491,407,Roserade,GRASS,POISON,,515,60,70,65,125,105,90,orginal,GRASSPOISON
492,408,Cranidos,ROCK,,,350,67,125,40,30,30,58,orginal,ROCK
493,409,Rampardos,ROCK,,,495,97,165,60,65,50,58,orginal,ROCK
494,410,Shieldon,ROCK,STEEL,,350,30,42,118,42,88,30,orginal,ROCKSTEEL
495,411,Bastiodon,ROCK,STEEL,,495,60,52,168,47,138,30,orginal,ROCKSTEEL
496,412,Burmy,BUG,,,224,40,29,45,29,45,36,orginal,BUG
497,413,Wormadam,BUG,GRASS,Plant Cloak,424,60,59,85,79,105,36,orginal,BUGGRASS
498,413,Wormadam,BUG,GROUND,Sandy Cloak,424,60,79,105,59,85,36,orginal,BUGGROUND
499,413,Wormadam,BUG,STEEL,Trash Cloak,424,60,69,95,69,95,36,orginal,BUGSTEEL
500,414,Mothim,BUG,FLYING,,424,70,94,50,94,50,66,orginal,BUGFLYING
501,415,Combee,BUG,FLYING,,244,30,30,42,30,42,70,orginal,BUGFLYING
502,416,Vespiquen,BUG,FLYING,,474,70,80,102,80,102,40,orginal,BUGFLYING
503,417,Pachirisu,ELECTRIC,,,405,60,45,70,45,90,95,orginal,ELECTRIC
504,418,Buizel,WATER,,,330,55,65,35,60,30,85,orginal,WATER
505,419,Floatzel,WATER,,,495,85,105,55,85,50,115,orginal,WATER
506,420,Cherubi,GRASS,,,275,45,35,45,62,53,35,orginal,GRASS
507,421,Cherrim,GRASS,,,450,70,60,70,87,78,85,orginal,GRASS
