#,Name,Type,Type1,Type2,Total,HP,Attack,Defense,Sp. Atk,Sp. Def,Speed
1,Bulbasaur,GRASS,0,POISON,318,45,49,49,65,65,45
2,Ivysaur,GRASS,0,POISON,405,60,62,63,80,80,60
3,Venusaur,GRASS,0,POISON,525,80,82,83,100,100,80
3,Venusaur,GRASS,Mega Venusaur,POISON,625,80,100,123,122,120,80
4,Charmander,FIRE,0,0,309,39,52,43,60,50,65
5,Charmeleon,FIRE,0,0,405,58,64,58,80,65,80
6,Charizard,FIRE,0,FLYING,534,78,84,78,109,85,100
6,Charizard,FIRE,Mega Charizard X,DRAGON,634,78,130,111,130,85,100
6,Charizard,FIRE,Mega Charizard Y,FLYING,634,78,104,78,159,115,100
7,Squirtle,WATER,0,0,314,44,48,65,50,64,43
8,Wartortle,WATER,0,0,405,59,63,80,65,80,58
9,Blastoise,WATER,0,0,530,79,83,100,85,105,78
9,Blastoise,WATER,Mega Blastoise,0,630,79,103,120,135,115,78
10,Caterpie,BUG,0,0,195,45,30,35,20,20,45
11,Metapod,BUG,0,0,205,50,20,55,25,25,30
12,Butterfree,BUG,0,FLYING,395,60,45,50,90,80,70
13,Weedle,BUG,0,POISON,195,40,35,30,20,20,50
14,Kakuna,BUG,0,POISON,205,45,25,50,25,25,35
15,Beedrill,BUG,0,POISON,395,65,90,40,45,80,75
15,Beedrill,BUG,Mega Beedrill,POISON,495,65,150,40,15,80,145
16,Pidgey,NORMAL,0,FLYING,251,40,45,40,35,35,56
17,Pidgeotto,NORMAL,0,FLYING,349,63,60,55,50,50,71
18,Pidgeot,NORMAL,0,FLYING,479,83,80,75,70,70,101
18,Pidgeot,NORMAL,Mega Pidgeot,FLYING,579,83,80,80,135,80,121
19,Rattata,NORMAL,0,0,253,30,56,35,25,35,72
19,Rattata,DARK,Alolan Rattata,NORMAL,253,30,56,35,25,35,72
20,Raticate,NORMAL,0,0,413,55,81,60,50,70,97
20,Raticate,DARK,Alolan Raticate,NORMAL,413,75,71,70,40,80,77
21,Spearow,NORMAL,0,FLYING,262,40,60,30,31,31,70
22,Fearow,NORMAL,0,FLYING,442,65,90,65,61,61,100
23,Ekans,POISON,0,0,288,35,60,44,40,54,55
24,Arbok,POISON,0,0,448,60,95,69,65,79,80
25,Pikachu,ELECTRIC,0,0,320,35,55,40,50,50,90
25,Pikachu,ELECTRIC,Partner Pikachu,0,430,45,80,50,75,60,120
26,Raichu,ELECTRIC,0,0,485,60,90,55,90,80,110
26,Raichu,ELECTRIC,Alolan Raichu,PSYCHIC,485,60,85,50,95,85,110
27,Sandshrew,GROUND,0,0,300,50,75,85,20,30,40
27,Sandshrew,ICE,Alolan Sandshrew,STEEL,300,50,75,90,10,35,40
28,Sandslash,GROUND,0,0,450,75,100,110,45,55,65
28,Sandslash,ICE,Alolan Sandslash,STEEL,450,75,100,120,25,65,65
29,Nidoran?,POISON,0,0,275,55,47,52,40,40,41
30,Nidorina,POISON,0,0,365,70,62,67,55,55,56
31,Nidoqueen,POISON,0,GROUND,505,90,92,87,75,85,76
32,Nidoran?,POISON,0,0,273,46,57,40,40,40,50
33,Nidorino,POISON,0,0,365,61,72,57,55,55,65
34,Nidoking,POISON,0,GROUND,505,81,102,77,85,75,85
35,Clefairy,FAIRY,0,0,323,70,45,48,60,65,35
36,Clefable,FAIRY,0,0,483,95,70,73,95,90,60
37,Vulpix,FIRE,0,0,299,38,41,40,50,65,65
37,Vulpix,ICE,Alolan Vulpix,0,299,38,41,40,50,65,65
38,Ninetales,FIRE,0,0,505,73,76,75,81,100,100
38,Ninetales,ICE,Alolan Ninetales,FAIRY,505,73,67,75,81,100,109
39,Jigglypuff,NORMAL,0,FAIRY,270,115,45,20,45,25,20
40,Wigglytuff,NORMAL,0,FAIRY,435,140,70,45,85,50,45
41,Zubat,POISON,0,FLYING,245,40,45,35,30,40,55
42,Golbat,POISON,0,FLYING,455,75,80,70,65,75,90
43,Oddish,GRASS,0,POISON,320,45,50,55,75,65,30
44,Gloom,GRASS,0,POISON,395,60,65,70,85,75,40
45,Vileplume,GRASS,0,POISON,490,75,80,85,110,90,50
46,Paras,BUG,0,GRASS,285,35,70,55,45,55,25
47,Parasect,BUG,0,GRASS,405,60,95,80,60,80,30
48,Venonat,BUG,0,POISON,305,60,55,50,40,55,45
49,Venomoth,BUG,0,POISON,450,70,65,60,90,75,90
50,Diglett,GROUND,0,0,265,10,55,25,35,45,95
50,Diglett,GROUND,Alolan Diglett,STEEL,265,10,55,30,35,45,90
51,Dugtrio,GROUND,0,0,425,35,100,50,50,70,120
51,Dugtrio,GROUND,Alolan Dugtrio,STEEL,425,35,100,60,50,70,110
52,Meowth,NORMAL,0,0,290,40,45,35,40,40,90
52,Meowth,DARK,Alolan Meowth,0,290,40,35,35,50,40,90
52,Meowth,STEEL,Galarian Meowth,0,290,50,65,55,40,40,40
53,Persian,NORMAL,0,0,440,65,70,60,65,65,115
53,Persian,DARK,Alolan Persian,0,440,65,60,60,75,65,115
54,Psyduck,WATER,0,0,320,50,52,48,65,50,55
55,Golduck,WATER,0,0,500,80,82,78,95,80,85
56,Mankey,FIGHTING,0,0,305,40,80,35,35,45,70
57,Primeape,FIGHTING,0,0,455,65,105,60,60,70,95
58,Growlithe,FIRE,0,0,350,55,70,45,70,50,60
59,Arcanine,FIRE,0,0,555,90,110,80,100,80,95
60,Poliwag,WATER,0,0,300,40,50,40,40,40,90
61,Poliwhirl,WATER,0,0,385,65,65,65,50,50,90
62,Poliwrath,WATER,0,FIGHTING,510,90,95,95,70,90,70
63,Abra,PSYCHIC,0,0,310,25,20,15,105,55,90
64,Kadabra,PSYCHIC,0,0,400,40,35,30,120,70,105
65,Alakazam,PSYCHIC,0,0,500,55,50,45,135,95,120
65,Alakazam,PSYCHIC,Mega Alakazam,0,600,55,50,65,175,105,150
66,Machop,FIGHTING,0,0,305,70,80,50,35,35,35
67,Machoke,FIGHTING,0,0,405,80,100,70,50,60,45
68,Machamp,FIGHTING,0,0,505,90,130,80,65,85,55
69,Bellsprout,GRASS,0,POISON,300,50,75,35,70,30,40
70,Weepinbell,GRASS,0,POISON,390,65,90,50,85,45,55
71,Victreebel,GRASS,0,POISON,490,80,105,65,100,70,70
72,Tentacool,WATER,0,POISON,335,40,40,35,50,100,70
73,Tentacruel,WATER,0,POISON,515,80,70,65,80,120,100
74,Geodude,ROCK,0,GROUND,300,40,80,100,30,30,20
74,Geodude,ROCK,Alolan Geodude,ELECTRIC,300,40,80,100,30,30,20
75,Graveler,ROCK,0,GROUND,390,55,95,115,45,45,35
75,Graveler,ROCK,Alolan Graveler,ELECTRIC,390,55,95,115,45,45,35
76,Golem,ROCK,0,GROUND,495,80,120,130,55,65,45
76,Golem,ROCK,Alolan Golem,ELECTRIC,495,80,120,130,55,65,45
77,Ponyta,FIRE,0,0,410,50,85,55,65,65,90
77,Ponyta,PSYCHIC,Galarian Ponyta,0,410,50,85,55,65,65,90
78,Rapidash,FIRE,0,0,500,65,100,70,80,80,105
78,Rapidash,PSYCHIC,Galarian Rapidash,FAIRY,500,65,100,70,80,80,105
79,Slowpoke,WATER,0,PSYCHIC,315,90,65,65,40,40,15
79,Slowpoke,PSYCHIC,Galarian Slowpoke,0,315,90,65,65,40,40,15
80,Slowbro,WATER,0,PSYCHIC,490,95,75,110,100,80,30
80,Slowbro,WATER,Mega Slowbro,PSYCHIC,590,95,75,180,130,80,30
80,Slowbro,POISON,Galarian Slowbro,PSYCHIC,490,95,100,95,100,70,30
81,Magnemite,ELECTRIC,0,STEEL,325,25,35,70,95,55,45
82,Magneton,ELECTRIC,0,STEEL,465,50,60,95,120,70,70
83,Farfetch'd,NORMAL,0,FLYING,377,52,90,55,58,62,60
83,Farfetch'd,FIGHTING,Galarian Farfetch'd,0,377,52,95,55,58,62,55
84,Doduo,NORMAL,0,FLYING,310,35,85,45,35,35,75
85,Dodrio,NORMAL,0,FLYING,470,60,110,70,60,60,110
86,Seel,WATER,0,0,325,65,45,55,45,70,45
87,Dewgong,WATER,0,ICE,475,90,70,80,70,95,70
88,Grimer,POISON,0,0,325,80,80,50,40,50,25
88,Grimer,POISON,Alolan Grimer,DARK,325,80,80,50,40,50,25
89,Muk,POISON,0,0,500,105,105,75,65,100,50
89,Muk,POISON,Alolan Muk,DARK,500,105,105,75,65,100,50
90,Shellder,WATER,0,0,305,30,65,100,45,25,40
91,Cloyster,WATER,0,ICE,525,50,95,180,85,45,70
92,Gastly,GHOST,0,POISON,310,30,35,30,100,35,80
93,Haunter,GHOST,0,POISON,405,45,50,45,115,55,95
94,Gengar,GHOST,0,POISON,500,60,65,60,130,75,110
94,Gengar,GHOST,Mega Gengar,POISON,600,60,65,80,170,95,130
95,Onix,ROCK,0,GROUND,385,35,45,160,30,45,70
96,Drowzee,PSYCHIC,0,0,328,60,48,45,43,90,42
97,Hypno,PSYCHIC,0,0,483,85,73,70,73,115,67
98,Krabby,WATER,0,0,325,30,105,90,25,25,50
99,Kingler,WATER,0,0,475,55,130,115,50,50,75
100,Voltorb,ELECTRIC,0,0,330,40,30,50,55,55,100
101,Electrode,ELECTRIC,0,0,490,60,50,70,80,80,150
102,Exeggcute,GRASS,0,PSYCHIC,325,60,40,80,60,45,40
103,Exeggutor,GRASS,0,PSYCHIC,530,95,95,85,125,75,55
103,Exeggutor,GRASS,Alolan Exeggutor,DRAGON,530,95,105,85,125,75,45
104,Cubone,GROUND,0,0,320,50,50,95,40,50,35
105,Marowak,GROUND,0,0,425,60,80,110,50,80,45
105,Marowak,FIRE,Alolan Marowak,GHOST,425,60,80,110,50,80,45
106,Hitmonlee,FIGHTING,0,0,455,50,120,53,35,110,87
107,Hitmonchan,FIGHTING,0,0,455,50,105,79,35,110,76
108,Lickitung,NORMAL,0,0,385,90,55,75,60,75,30
109,Koffing,POISON,0,0,340,40,65,95,60,45,35
110,Weezing,POISON,0,0,490,65,90,120,85,70,60
110,Weezing,POISON,Galarian Weezing,FAIRY,490,65,90,120,85,70,60
111,Rhyhorn,GROUND,0,ROCK,345,80,85,95,30,30,25
112,Rhydon,GROUND,0,ROCK,485,105,130,120,45,45,40
113,Chansey,NORMAL,0,0,450,250,5,5,35,105,50
114,Tangela,GRASS,0,0,435,65,55,115,100,40,60
115,Kangaskhan,NORMAL,0,0,490,105,95,80,40,80,90
115,Kangaskhan,NORMAL,Mega Kangaskhan,0,590,105,125,100,60,100,100
116,Horsea,WATER,0,0,295,30,40,70,70,25,60
117,Seadra,WATER,0,0,440,55,65,95,95,45,85
118,Goldeen,WATER,0,0,320,45,67,60,35,50,63
119,Seaking,WATER,0,0,450,80,92,65,65,80,68
120,Staryu,WATER,0,0,340,30,45,55,70,55,85
121,Starmie,WATER,0,PSYCHIC,520,60,75,85,100,85,115
122,Mr. Mime,PSYCHIC,0,FAIRY,460,40,45,65,100,120,90
122,Mr. Mime,ICE,Galarian Mr. Mime,PSYCHIC,460,50,65,65,90,90,100
123,Scyther,BUG,0,FLYING,500,70,110,80,55,80,105
124,Jynx,ICE,0,PSYCHIC,455,65,50,35,115,95,95
125,Electabuzz,ELECTRIC,0,0,490,65,83,57,95,85,105
126,Magmar,FIRE,0,0,495,65,95,57,100,85,93
127,Pinsir,BUG,0,0,500,65,125,100,55,70,85
127,Pinsir,BUG,Mega Pinsir,FLYING,600,65,155,120,65,90,105
128,Tauros,NORMAL,0,0,490,75,100,95,40,70,110
129,Magikarp,WATER,0,0,200,20,10,55,15,20,80
130,Gyarados,WATER,0,FLYING,540,95,125,79,60,100,81
130,Gyarados,WATER,Mega Gyarados,DARK,640,95,155,109,70,130,81
131,Lapras,WATER,0,ICE,535,130,85,80,85,95,60
132,Ditto,NORMAL,0,0,288,48,48,48,48,48,48
133,Eevee,NORMAL,0,0,325,55,55,50,45,65,55
133,Eevee,NORMAL,Partner Eevee,0,435,65,75,70,65,85,75
134,Vaporeon,WATER,0,0,525,130,65,60,110,95,65
135,Jolteon,ELECTRIC,0,0,525,65,65,60,110,95,130
136,Flareon,FIRE,0,0,525,65,130,60,95,110,65
137,Porygon,NORMAL,0,0,395,65,60,70,85,75,40
138,Omanyte,ROCK,0,WATER,355,35,40,100,90,55,35
139,Omastar,ROCK,0,WATER,495,70,60,125,115,70,55
140,Kabuto,ROCK,0,WATER,355,30,80,90,55,45,55
141,Kabutops,ROCK,0,WATER,495,60,115,105,65,70,80
142,Aerodactyl,ROCK,0,FLYING,515,80,105,65,60,75,130
142,Aerodactyl,ROCK,Mega Aerodactyl,FLYING,615,80,135,85,70,95,150
143,Snorlax,NORMAL,0,0,540,160,110,65,65,110,30
144,Articuno,ICE,0,FLYING,580,90,85,100,95,125,85
144,Articuno,PSYCHIC,Galarian Articuno,FLYING,580,90,85,85,125,100,95
145,Zapdos,ELECTRIC,0,FLYING,580,90,90,85,125,90,100
145,Zapdos,FIGHTING,Galarian Zapdos,FLYING,580,90,125,90,85,90,100
146,Moltres,FIRE,0,FLYING,580,90,100,90,125,85,90
146,Moltres,DARK,Galarian Moltres,FLYING,580,90,85,90,100,125,90
147,Dratini,DRAGON,0,0,300,41,64,45,50,50,50
148,Dragonair,DRAGON,0,0,420,61,84,65,70,70,70
149,Dragonite,DRAGON,0,FLYING,600,91,134,95,100,100,80
150,Mewtwo,PSYCHIC,0,0,680,106,110,90,154,90,130
150,Mewtwo,PSYCHIC,Mega Mewtwo X,FIGHTING,780,106,190,100,154,100,130
150,Mewtwo,PSYCHIC,Mega Mewtwo Y,0,780,106,150,70,194,120,140
151,Mew,PSYCHIC,0,0,600,100,100,100,100,100,100
152,Chikorita,GRASS,0,0,318,45,49,65,49,65,45
153,Bayleef,GRASS,0,0,405,60,62,80,63,80,60
154,Meganium,GRASS,0,0,525,80,82,100,83,100,80
155,Cyndaquil,FIRE,0,0,309,39,52,43,60,50,65
156,Quilava,FIRE,0,0,405,58,64,58,80,65,80
157,Typhlosion,FIRE,0,0,534,78,84,78,109,85,100
158,Totodile,WATER,0,0,314,50,65,64,44,48,43
159,Croconaw,WATER,0,0,405,65,80,80,59,63,58
160,Feraligatr,WATER,0,0,530,85,105,100,79,83,78
161,Sentret,NORMAL,0,0,215,35,46,34,35,45,20
162,Furret,NORMAL,0,0,415,85,76,64,45,55,90
163,Hoothoot,NORMAL,0,FLYING,262,60,30,30,36,56,50
164,Noctowl,NORMAL,0,FLYING,452,100,50,50,86,96,70
165,Ledyba,BUG,0,FLYING,265,40,20,30,40,80,55
166,Ledian,BUG,0,FLYING,390,55,35,50,55,110,85
167,Spinarak,BUG,0,POISON,250,40,60,40,40,40,30
168,Ariados,BUG,0,POISON,400,70,90,70,60,70,40
169,Crobat,POISON,0,FLYING,535,85,90,80,70,80,130
170,Chinchou,WATER,0,ELECTRIC,330,75,38,38,56,56,67
171,Lanturn,WATER,0,ELECTRIC,460,125,58,58,76,76,67
172,Pichu,ELECTRIC,0,0,205,20,40,15,35,35,60
173,Cleffa,FAIRY,0,0,218,50,25,28,45,55,15
174,Igglybuff,NORMAL,0,FAIRY,210,90,30,15,40,20,15
175,Togepi,FAIRY,0,0,245,35,20,65,40,65,20
176,Togetic,FAIRY,0,FLYING,405,55,40,85,80,105,40
177,Natu,PSYCHIC,0,FLYING,320,40,50,45,70,45,70
178,Xatu,PSYCHIC,0,FLYING,470,65,75,70,95,70,95
179,Mareep,ELECTRIC,0,0,280,55,40,40,65,45,35
180,Flaaffy,ELECTRIC,0,0,365,70,55,55,80,60,45
181,Ampharos,ELECTRIC,0,0,510,90,75,85,115,90,55
181,Ampharos,ELECTRIC,Mega Ampharos,DRAGON,610,90,95,105,165,110,45
182,Bellossom,GRASS,0,0,490,75,80,95,90,100,50
183,Marill,WATER,0,FAIRY,250,70,20,50,20,50,40
184,Azumarill,WATER,0,FAIRY,420,100,50,80,60,80,50
185,Sudowoodo,ROCK,0,0,410,70,100,115,30,65,30
186,Politoed,WATER,0,0,500,90,75,75,90,100,70
187,Hoppip,GRASS,0,FLYING,250,35,35,40,35,55,50
188,Skiploom,GRASS,0,FLYING,340,55,45,50,45,65,80
189,Jumpluff,GRASS,0,FLYING,460,75,55,70,55,95,110
190,Aipom,NORMAL,0,0,360,55,70,55,40,55,85
191,Sunkern,GRASS,0,0,180,30,30,30,30,30,30
192,Sunflora,GRASS,0,0,425,75,75,55,105,85,30
193,Yanma,BUG,0,FLYING,390,65,65,45,75,45,95
194,Wooper,WATER,0,GROUND,210,55,45,45,25,25,15
195,Quagsire,WATER,0,GROUND,430,95,85,85,65,65,35
196,Espeon,PSYCHIC,0,0,525,65,65,60,130,95,110
197,Umbreon,DARK,0,0,525,95,65,110,60,130,65
198,Murkrow,DARK,0,FLYING,405,60,85,42,85,42,91
199,Slowking,WATER,0,PSYCHIC,490,95,75,80,100,110,30
199,Slowking,POISON,Galarian Slowking,PSYCHIC,490,95,65,80,110,110,30
200,Misdreavus,GHOST,0,0,435,60,60,60,85,85,85
201,Unown,PSYCHIC,0,0,336,48,72,48,72,48,48
202,Wobbuffet,PSYCHIC,0,0,405,190,33,58,33,58,33
203,Girafarig,NORMAL,0,PSYCHIC,455,70,80,65,90,65,85
204,Pineco,BUG,0,0,290,50,65,90,35,35,15
205,Forretress,BUG,0,STEEL,465,75,90,140,60,60,40
206,Dunsparce,NORMAL,0,0,415,100,70,70,65,65,45
207,Gligar,GROUND,0,FLYING,430,65,75,105,35,65,85
208,Steelix,STEEL,0,GROUND,510,75,85,200,55,65,30
208,Steelix,STEEL,Mega Steelix,GROUND,610,75,125,230,55,95,30
209,Snubbull,FAIRY,0,0,300,60,80,50,40,40,30
210,Granbull,FAIRY,0,0,450,90,120,75,60,60,45
211,Qwilfish,WATER,0,POISON,440,65,95,85,55,55,85
212,Scizor,BUG,0,STEEL,500,70,130,100,55,80,65
212,Scizor,BUG,Mega Scizor,STEEL,600,70,150,140,65,100,75
213,Shuckle,BUG,0,ROCK,505,20,10,230,10,230,5
214,Heracross,BUG,0,FIGHTING,500,80,125,75,40,95,85
214,Heracross,BUG,Mega Heracross,FIGHTING,600,80,185,115,40,105,75
215,Sneasel,DARK,0,ICE,430,55,95,55,35,75,115
216,Teddiursa,NORMAL,0,0,330,60,80,50,50,50,40
217,Ursaring,NORMAL,0,0,500,90,130,75,75,75,55
218,Slugma,FIRE,0,0,250,40,40,40,70,40,20
219,Magcargo,FIRE,0,ROCK,430,60,50,120,90,80,30
220,Swinub,ICE,0,GROUND,250,50,50,40,30,30,50
221,Piloswine,ICE,0,GROUND,450,100,100,80,60,60,50
222,Corsola,WATER,0,ROCK,410,65,55,95,65,95,35
222,Corsola,GHOST,Galarian Corsola,0,410,60,55,100,65,100,30
223,Remoraid,WATER,0,0,300,35,65,35,65,35,65
224,Octillery,WATER,0,0,480,75,105,75,105,75,45
225,Delibird,ICE,0,FLYING,330,45,55,45,65,45,75
226,Mantine,WATER,0,FLYING,485,85,40,70,80,140,70
227,Skarmory,STEEL,0,FLYING,465,65,80,140,40,70,70
228,Houndour,DARK,0,FIRE,330,45,60,30,80,50,65
229,Houndoom,DARK,0,FIRE,500,75,90,50,110,80,95
229,Houndoom,DARK,Mega Houndoom,FIRE,600,75,90,90,140,90,115
230,Kingdra,WATER,0,DRAGON,540,75,95,95,95,95,85
231,Phanpy,GROUND,0,0,330,90,60,60,40,40,40
232,Donphan,GROUND,0,0,500,90,120,120,60,60,50
233,Porygon2,NORMAL,0,0,515,85,80,90,105,95,60
234,Stantler,NORMAL,0,0,465,73,95,62,85,65,85
235,Smeargle,NORMAL,0,0,250,55,20,35,20,45,75
236,Tyrogue,FIGHTING,0,0,210,35,35,35,35,35,35
237,Hitmontop,FIGHTING,0,0,455,50,95,95,35,110,70
238,Smoochum,ICE,0,PSYCHIC,305,45,30,15,85,65,65
239,Elekid,ELECTRIC,0,0,360,45,63,37,65,55,95
240,Magby,FIRE,0,0,365,45,75,37,70,55,83
241,Miltank,NORMAL,0,0,490,95,80,105,40,70,100
242,Blissey,NORMAL,0,0,540,255,10,10,75,135,55
243,Raikou,ELECTRIC,0,0,580,90,85,75,115,100,115
244,Entei,FIRE,0,0,580,115,115,85,90,75,100
245,Suicune,WATER,0,0,580,100,75,115,90,115,85
246,Larvitar,ROCK,0,GROUND,300,50,64,50,45,50,41
247,Pupitar,ROCK,0,GROUND,410,70,84,70,65,70,51
248,Tyranitar,ROCK,0,DARK,600,100,134,110,95,100,61
248,Tyranitar,ROCK,Mega Tyranitar,DARK,700,100,164,150,95,120,71
249,Lugia,PSYCHIC,0,FLYING,680,106,90,130,90,154,110
250,Ho-oh,FIRE,0,FLYING,680,106,130,90,110,154,90
251,Celebi,PSYCHIC,0,GRASS,600,100,100,100,100,100,100
252,Treecko,GRASS,0,0,310,40,45,35,65,55,70
253,Grovyle,GRASS,0,0,405,50,65,45,85,65,95
254,Sceptile,GRASS,0,0,530,70,85,65,105,85,120
254,Sceptile,GRASS,Mega Sceptile,DRAGON,630,70,110,75,145,85,145
255,Torchic,FIRE,0,0,310,45,60,40,70,50,45
256,Combusken,FIRE,0,FIGHTING,405,60,85,60,85,60,55
257,Blaziken,FIRE,0,FIGHTING,530,80,120,70,110,70,80
257,Blaziken,FIRE,Mega Blaziken,FIGHTING,630,80,160,80,130,80,100
258,Mudkip,WATER,0,0,310,50,70,50,50,50,40
259,Marshtomp,WATER,0,GROUND,405,70,85,70,60,70,50
260,Swampert,WATER,0,GROUND,535,100,110,90,85,90,60
260,Swampert,WATER,Mega Swampert,GROUND,635,100,150,110,95,110,70
261,Poochyena,DARK,0,0,220,35,55,35,30,30,35
262,Mightyena,DARK,0,0,420,70,90,70,60,60,70
263,Zigzagoon,NORMAL,0,0,240,38,30,41,30,41,60
263,Zigzagoon,DARK,Galarian Zigzagoon,NORMAL,240,38,30,41,30,41,60
264,Linoone,NORMAL,0,0,420,78,70,61,50,61,100
264,Linoone,DARK,Galarian Linoone,NORMAL,420,78,70,61,50,61,100
265,Wurmple,BUG,0,0,195,45,45,35,20,30,20
266,Silcoon,BUG,0,0,205,50,35,55,25,25,15
267,Beautifly,BUG,0,FLYING,395,60,70,50,100,50,65
268,Cascoon,BUG,0,0,205,50,35,55,25,25,15
269,Dustox,BUG,0,POISON,385,60,50,70,50,90,65
270,Lotad,WATER,0,GRASS,220,40,30,30,40,50,30
271,Lombre,WATER,0,GRASS,340,60,50,50,60,70,50
272,Ludicolo,WATER,0,GRASS,480,80,70,70,90,100,70
273,Seedot,GRASS,0,0,220,40,40,50,30,30,30
274,Nuzleaf,GRASS,0,DARK,340,70,70,40,60,40,60
275,Shiftry,GRASS,0,DARK,480,90,100,60,90,60,80
276,Taillow,NORMAL,0,FLYING,270,40,55,30,30,30,85
277,Swellow,NORMAL,0,FLYING,455,60,85,60,75,50,125
278,Wingull,WATER,0,FLYING,270,40,30,30,55,30,85
279,Pelipper,WATER,0,FLYING,440,60,50,100,95,70,65
280,Ralts,PSYCHIC,0,FAIRY,198,28,25,25,45,35,40
281,Kirlia,PSYCHIC,0,FAIRY,278,38,35,35,65,55,50
282,Gardevoir,PSYCHIC,0,FAIRY,518,68,65,65,125,115,80
282,Gardevoir,PSYCHIC,Mega Gardevoir,FAIRY,618,68,85,65,165,135,100
283,Surskit,BUG,0,WATER,269,40,30,32,50,52,65
284,Masquerain,BUG,0,FLYING,454,70,60,62,100,82,80
285,Shroomish,GRASS,0,0,295,60,40,60,40,60,35
286,Breloom,GRASS,0,FIGHTING,460,60,130,80,60,60,70
287,Slakoth,NORMAL,0,0,280,60,60,60,35,35,30
288,Vigoroth,NORMAL,0,0,440,80,80,80,55,55,90
289,Slaking,NORMAL,0,0,670,150,160,100,95,65,100
290,Nincada,BUG,0,GROUND,266,31,45,90,30,30,40
291,Ninjask,BUG,0,FLYING,456,61,90,45,50,50,160
292,Shedinja,BUG,0,GHOST,236,1,90,45,30,30,40
293,Whismur,NORMAL,0,0,240,64,51,23,51,23,28
294,Loudred,NORMAL,0,0,360,84,71,43,71,43,48
295,Exploud,NORMAL,0,0,490,104,91,63,91,73,68
296,Makuhita,FIGHTING,0,0,237,72,60,30,20,30,25
297,Hariyama,FIGHTING,0,0,474,144,120,60,40,60,50
298,Azurill,NORMAL,0,FAIRY,190,50,20,40,20,40,20
299,Nosepass,ROCK,0,0,375,30,45,135,45,90,30
300,Skitty,NORMAL,0,0,260,50,45,45,35,35,50
301,Delcatty,NORMAL,0,0,400,70,65,65,55,55,90
302,Sableye,DARK,0,GHOST,380,50,75,75,65,65,50
302,Sableye,DARK,Mega Sableye,GHOST,480,50,85,125,85,115,20
303,Mawile,STEEL,0,FAIRY,380,50,85,85,55,55,50
303,Mawile,STEEL,Mega Mawile,FAIRY,480,50,105,125,55,95,50
304,Aron,STEEL,0,ROCK,330,50,70,100,40,40,30
305,Lairon,STEEL,0,ROCK,430,60,90,140,50,50,40
306,Aggron,STEEL,0,ROCK,530,70,110,180,60,60,50
306,Aggron,STEEL,Mega Aggron,0,630,70,140,230,60,80,50
307,Meditite,FIGHTING,0,PSYCHIC,280,30,40,55,40,55,60
308,Medicham,FIGHTING,0,PSYCHIC,410,60,60,75,60,75,80
308,Medicham,FIGHTING,Mega Medicham,PSYCHIC,510,60,100,85,80,85,100
309,Electrike,ELECTRIC,0,0,295,40,45,40,65,40,65
310,Manectric,ELECTRIC,0,0,475,70,75,60,105,60,105
310,Manectric,ELECTRIC,Mega Manectric,0,575,70,75,80,135,80,135
311,Plusle,ELECTRIC,0,0,405,60,50,40,85,75,95
312,Minun,ELECTRIC,0,0,405,60,40,50,75,85,95
313,Volbeat,BUG,0,0,430,65,73,75,47,85,85
314,Illumise,BUG,0,0,430,65,47,75,73,85,85
315,Roselia,GRASS,0,POISON,400,50,60,45,100,80,65
316,Gulpin,POISON,0,0,302,70,43,53,43,53,40
317,Swalot,POISON,0,0,467,100,73,83,73,83,55
318,Carvanha,WATER,0,DARK,305,45,90,20,65,20,65
319,Sharpedo,WATER,0,DARK,460,70,120,40,95,40,95
319,Sharpedo,WATER,Mega Sharpedo,DARK,560,70,140,70,110,65,105
320,Wailmer,WATER,0,0,400,130,70,35,70,35,60
321,Wailord,WATER,0,0,500,170,90,45,90,45,60
322,Numel,FIRE,0,GROUND,305,60,60,40,65,45,35
323,Camerupt,FIRE,0,GROUND,460,70,100,70,105,75,40
323,Camerupt,FIRE,Mega Camerupt,GROUND,560,70,120,100,145,105,20
324,Torkoal,FIRE,0,0,470,70,85,140,85,70,20
325,Spoink,PSYCHIC,0,0,330,60,25,35,70,80,60
326,Grumpig,PSYCHIC,0,0,470,80,45,65,90,110,80
327,Spinda,NORMAL,0,0,360,60,60,60,60,60,60
328,Trapinch,GROUND,0,0,290,45,100,45,45,45,10
329,Vibrava,GROUND,0,DRAGON,340,50,70,50,50,50,70
330,Flygon,GROUND,0,DRAGON,520,80,100,80,80,80,100
331,Cacnea,GRASS,0,0,335,50,85,40,85,40,35
332,Cacturne,GRASS,0,DARK,475,70,115,60,115,60,55
333,Swablu,NORMAL,0,FLYING,310,45,40,60,40,75,50
334,Altaria,DRAGON,0,FLYING,490,75,70,90,70,105,80
334,Altaria,DRAGON,Mega Altaria,FAIRY,590,75,110,110,110,105,80
335,Zangoose,NORMAL,0,0,458,73,115,60,60,60,90
336,Seviper,POISON,0,0,458,73,100,60,100,60,65
337,Lunatone,ROCK,0,PSYCHIC,460,90,55,65,95,85,70
338,Solrock,ROCK,0,PSYCHIC,460,90,95,85,55,65,70
339,Barboach,WATER,0,GROUND,288,50,48,43,46,41,60
340,Whiscash,WATER,0,GROUND,468,110,78,73,76,71,60
341,Corphish,WATER,0,0,308,43,80,65,50,35,35
342,Crawdaunt,WATER,0,DARK,468,63,120,85,90,55,55
343,Baltoy,GROUND,0,PSYCHIC,300,40,40,55,40,70,55
344,Claydol,GROUND,0,PSYCHIC,500,60,70,105,70,120,75
345,Lileep,ROCK,0,GRASS,355,66,41,77,61,87,23
346,Cradily,ROCK,0,GRASS,495,86,81,97,81,107,43
347,Anorith,ROCK,0,BUG,355,45,95,50,40,50,75
348,Armaldo,ROCK,0,BUG,495,75,125,100,70,80,45
349,Feebas,WATER,0,0,200,20,15,20,10,55,80
350,Milotic,WATER,0,0,540,95,60,79,100,125,81
351,Castform,NORMAL,0,0,420,70,70,70,70,70,70
351,Castform,FIRE,Sunny Form,0,420,70,70,70,70,70,70
351,Castform,WATER,Rainy Form,0,420,70,70,70,70,70,70
351,Castform,ICE,Snowy Form,0,420,70,70,70,70,70,70
352,Kecleon,NORMAL,0,0,440,60,90,70,60,120,40
353,Shuppet,GHOST,0,0,295,44,75,35,63,33,45
354,Banette,GHOST,0,0,455,64,115,65,83,63,65
354,Banette,GHOST,Mega Banette,0,555,64,165,75,93,83,75
355,Duskull,GHOST,0,0,295,20,40,90,30,90,25
356,Dusclops,GHOST,0,0,455,40,70,130,60,130,25
357,Tropius,GRASS,0,FLYING,460,99,68,83,72,87,51
358,Chimecho,PSYCHIC,0,0,455,75,50,80,95,90,65
359,Absol,DARK,0,0,465,65,130,60,75,60,75
359,Absol,DARK,Mega Absol,0,565,65,150,60,115,60,115
360,Wynaut,PSYCHIC,0,0,260,95,23,48,23,48,23
361,Snorunt,ICE,0,0,300,50,50,50,50,50,50
362,Glalie,ICE,0,0,480,80,80,80,80,80,80
362,Glalie,ICE,Mega Glalie,0,580,80,120,80,120,80,100
363,Spheal,ICE,0,WATER,290,70,40,50,55,50,25
364,Sealeo,ICE,0,WATER,410,90,60,70,75,70,45
365,Walrein,ICE,0,WATER,530,110,80,90,95,90,65
366,Clamperl,WATER,0,0,345,35,64,85,74,55,32
367,Huntail,WATER,0,0,485,55,104,105,94,75,52
368,Gorebyss,WATER,0,0,485,55,84,105,114,75,52
369,Relicanth,WATER,0,ROCK,485,100,90,130,45,65,55
370,Luvdisc,WATER,0,0,330,43,30,55,40,65,97
371,Bagon,DRAGON,0,0,300,45,75,60,40,30,50
372,Shelgon,DRAGON,0,0,420,65,95,100,60,50,50
373,Salamence,DRAGON,0,FLYING,600,95,135,80,110,80,100
373,Salamence,DRAGON,Mega Salamence,FLYING,700,95,145,130,120,90,120
374,Beldum,STEEL,0,PSYCHIC,300,40,55,80,35,60,30
375,Metang,STEEL,0,PSYCHIC,420,60,75,100,55,80,50
376,Metagross,STEEL,0,PSYCHIC,600,80,135,130,95,90,70
376,Metagross,STEEL,Mega Metagross,PSYCHIC,700,80,145,150,105,110,110
377,Regirock,ROCK,0,0,580,80,100,200,50,100,50
378,Regice,ICE,0,0,580,80,50,100,100,200,50
379,Registeel,STEEL,0,0,580,80,75,150,75,150,50
380,Latias,DRAGON,0,PSYCHIC,600,80,80,90,110,130,110
380,Latias,DRAGON,Mega Latias,PSYCHIC,700,80,100,120,140,150,110
381,Latios,DRAGON,0,PSYCHIC,600,80,90,80,130,110,110
381,Latios,DRAGON,Mega Latios,PSYCHIC,700,80,130,100,160,120,110
382,Kyogre,WATER,0,0,670,100,100,90,150,140,90
382,Kyogre,WATER,Primal Kyogre,0,770,100,150,90,180,160,90
383,Groudon,GROUND,0,0,670,100,150,140,100,90,90
383,Groudon,GROUND,Primal Groudon,FIRE,770,100,180,160,150,90,90
384,Rayquaza,DRAGON,0,FLYING,680,105,150,90,150,90,95
384,Rayquaza,DRAGON,Mega Rayquaza,FLYING,780,105,180,100,180,100,115
385,Jirachi,STEEL,0,PSYCHIC,600,100,100,100,100,100,100
386,Deoxys,PSYCHIC,Normal Forme,0,600,50,150,50,150,50,150
386,Deoxys,PSYCHIC,Attack Forme,0,600,50,180,20,180,20,150
386,Deoxys,PSYCHIC,Defense Forme,0,600,50,70,160,70,160,90
386,Deoxys,PSYCHIC,Speed Forme,0,600,50,95,90,95,90,180
387,Turtwig,GRASS,0,0,318,55,68,64,45,55,31
388,Grotle,GRASS,0,0,405,75,89,85,55,65,36
389,Torterra,GRASS,0,GROUND,525,95,109,105,75,85,56
390,Chimchar,FIRE,0,0,309,44,58,44,58,44,61
391,Monferno,FIRE,0,FIGHTING,405,64,78,52,78,52,81
392,Infernape,FIRE,0,FIGHTING,534,76,104,71,104,71,108
393,Piplup,WATER,0,0,314,53,51,53,61,56,40
394,Prinplup,WATER,0,0,405,64,66,68,81,76,50
395,Empoleon,WATER,0,STEEL,530,84,86,88,111,101,60
396,Starly,NORMAL,0,FLYING,245,40,55,30,30,30,60
397,Staravia,NORMAL,0,FLYING,340,55,75,50,40,40,80
398,Staraptor,NORMAL,0,FLYING,485,85,120,70,50,60,100
399,Bidoof,NORMAL,0,0,250,59,45,40,35,40,31
400,Bibarel,NORMAL,0,WATER,410,79,85,60,55,60,71
401,Kricketot,BUG,0,0,194,37,25,41,25,41,25
402,Kricketune,BUG,0,0,384,77,85,51,55,51,65
403,Shinx,ELECTRIC,0,0,263,45,65,34,40,34,45
404,Luxio,ELECTRIC,0,0,363,60,85,49,60,49,60
405,Luxray,ELECTRIC,0,0,523,80,120,79,95,79,70
406,Budew,GRASS,0,POISON,280,40,30,35,50,70,55
407,Roserade,GRASS,0,POISON,515,60,70,65,125,105,90
408,Cranidos,ROCK,0,0,350,67,125,40,30,30,58
409,Rampardos,ROCK,0,0,495,97,165,60,65,50,58
410,Shieldon,ROCK,0,STEEL,350,30,42,118,42,88,30
411,Bastiodon,ROCK,0,STEEL,495,60,52,168,47,138,30
412,Burmy,BUG,0,0,224,40,29,45,29,45,36
413,Wormadam,BUG,Plant Cloak,GRASS,424,60,59,85,79,105,36
413,Wormadam,BUG,Sandy Cloak,GROUND,424,60,79,105,59,85,36
413,Wormadam,BUG,Trash Cloak,STEEL,424,60,69,95,69,95,36
414,Mothim,BUG,0,FLYING,424,70,94,50,94,50,66
415,Combee,BUG,0,FLYING,244,30,30,42,30,42,70
416,Vespiquen,BUG,0,FLYING,474,70,80,102,80,102,40
417,Pachirisu,ELECTRIC,0,0,405,60,45,70,45,90,95
418,Buizel,WATER,0,0,330,55,65,35,60,30,85
419,Floatzel,WATER,0,0,495,85,105,55,85,50,115
420,Cherubi,GRASS,0,0,275,45,35,45,62,53,35
421,Cherrim,GRASS,0,0,450,70,60,70,87,78,85
422,Shellos,WATER,0,0,325,76,48,48,57,62,34
423,Gastrodon,WATER,0,GROUND,475,111,83,68,92,82,39
424,Ambipom,NORMAL,0,0,482,75,100,66,60,66,115
425,Drifloon,GHOST,0,FLYING,348,90,50,34,60,44,70
426,Drifblim,GHOST,0,FLYING,498,150,80,44,90,54,80
427,Buneary,NORMAL,0,0,350,55,66,44,44,56,85
428,Lopunny,NORMAL,0,0,480,65,76,84,54,96,105
428,Lopunny,NORMAL,Mega Lopunny,FIGHTING,580,65,136,94,54,96,135
429,Mismagius,GHOST,0,0,495,60,60,60,105,105,105
430,Honchkrow,DARK,0,FLYING,505,100,125,52,105,52,71
431,Glameow,NORMAL,0,0,310,49,55,42,42,37,85
432,Purugly,NORMAL,0,0,452,71,82,64,64,59,112
433,Chingling,PSYCHIC,0,0,285,45,30,50,65,50,45
434,Stunky,POISON,0,DARK,329,63,63,47,41,41,74
435,Skuntank,POISON,0,DARK,479,103,93,67,71,61,84
436,Bronzor,STEEL,0,PSYCHIC,300,57,24,86,24,86,23
437,Bronzong,STEEL,0,PSYCHIC,500,67,89,116,79,116,33
438,Bonsly,ROCK,0,0,290,50,80,95,10,45,10
439,Mime Jr.,PSYCHIC,0,FAIRY,310,20,25,45,70,90,60
440,Happiny,NORMAL,0,0,220,100,5,5,15,65,30
441,Chatot,NORMAL,0,FLYING,411,76,65,45,92,42,91
442,Spiritomb,GHOST,0,DARK,485,50,92,108,92,108,35
443,Gible,DRAGON,0,GROUND,300,58,70,45,40,45,42
444,Gabite,DRAGON,0,GROUND,410,68,90,65,50,55,82
445,Garchomp,DRAGON,0,GROUND,600,108,130,95,80,85,102
445,Garchomp,DRAGON,Mega Garchomp,GROUND,700,108,170,115,120,95,92
446,Munchlax,NORMAL,0,0,390,135,85,40,40,85,5
447,Riolu,FIGHTING,0,0,285,40,70,40,35,40,60
448,Lucario,FIGHTING,0,STEEL,525,70,110,70,115,70,90
448,Lucario,FIGHTING,Mega Lucario,STEEL,625,70,145,88,140,70,112
449,Hippopotas,GROUND,0,0,330,68,72,78,38,42,32
450,Hippowdon,GROUND,0,0,525,108,112,118,68,72,47
451,Skorupi,POISON,0,BUG,330,40,50,90,30,55,65
452,Drapion,POISON,0,DARK,500,70,90,110,60,75,95
453,Croagunk,POISON,0,FIGHTING,300,48,61,40,61,40,50
454,Toxicroak,POISON,0,FIGHTING,490,83,106,65,86,65,85
455,Carnivine,GRASS,0,0,454,74,100,72,90,72,46
456,Finneon,WATER,0,0,330,49,49,56,49,61,66
457,Lumineon,WATER,0,0,460,69,69,76,69,86,91
458,Mantyke,WATER,0,FLYING,345,45,20,50,60,120,50
459,Snover,GRASS,0,ICE,334,60,62,50,62,60,40
460,Abomasnow,GRASS,0,ICE,494,90,92,75,92,85,60
460,Abomasnow,GRASS,Mega Abomasnow,ICE,594,90,132,105,132,105,30
461,Weavile,DARK,0,ICE,510,70,120,65,45,85,125
462,Magnezone,ELECTRIC,0,STEEL,535,70,70,115,130,90,60
463,Lickilicky,NORMAL,0,0,515,110,85,95,80,95,50
464,Rhyperior,GROUND,0,ROCK,535,115,140,130,55,55,40
465,Tangrowth,GRASS,0,0,535,100,100,125,110,50,50
466,Electivire,ELECTRIC,0,0,540,75,123,67,95,85,95
467,Magmortar,FIRE,0,0,540,75,95,67,125,95,83
468,Togekiss,FAIRY,0,FLYING,545,85,50,95,120,115,80
469,Yanmega,BUG,0,FLYING,515,86,76,86,116,56,95
470,Leafeon,GRASS,0,0,525,65,110,130,60,65,95
471,Glaceon,ICE,0,0,525,65,60,110,130,95,65
472,Gliscor,GROUND,0,FLYING,510,75,95,125,45,75,95
473,Mamoswine,ICE,0,GROUND,530,110,130,80,70,60,80
474,Porygon-Z,NORMAL,0,0,535,85,80,70,135,75,90
475,Gallade,PSYCHIC,0,FIGHTING,518,68,125,65,65,115,80
475,Gallade,PSYCHIC,Mega Gallade,FIGHTING,618,68,165,95,65,115,110
476,Probopass,ROCK,0,STEEL,525,60,55,145,75,150,40
477,Dusknoir,GHOST,0,0,525,45,100,135,65,135,45
478,Froslass,ICE,0,GHOST,480,70,80,70,80,70,110
479,Rotom,ELECTRIC,0,GHOST,440,50,50,77,95,77,91
479,Rotom,ELECTRIC,Heat Rotom,FIRE,520,50,65,107,105,107,86
479,Rotom,ELECTRIC,Wash Rotom,WATER,520,50,65,107,105,107,86
479,Rotom,ELECTRIC,Frost Rotom,ICE,520,50,65,107,105,107,86
479,Rotom,ELECTRIC,Fan Rotom,FLYING,520,50,65,107,105,107,86
479,Rotom,ELECTRIC,Mow Rotom,GRASS,520,50,65,107,105,107,86
480,Uxie,PSYCHIC,0,0,580,75,75,130,75,130,95
481,Mesprit,PSYCHIC,0,0,580,80,105,105,105,105,80
482,Azelf,PSYCHIC,0,0,580,75,125,70,125,70,115
483,Dialga,STEEL,0,DRAGON,680,100,120,120,150,100,90
484,Palkia,WATER,0,DRAGON,680,90,120,100,150,120,100
485,Heatran,FIRE,0,STEEL,600,91,90,106,130,106,77
486,Regigigas,NORMAL,0,0,670,110,160,110,80,110,100
487,Giratina,GHOST,Altered Forme,DRAGON,680,150,100,120,100,120,90
487,Giratina,GHOST,Origin Forme,DRAGON,680,150,120,100,120,100,90
488,Cresselia,PSYCHIC,0,0,600,120,70,120,75,130,85
489,Phione,WATER,0,0,480,80,80,80,80,80,80
490,Manaphy,WATER,0,0,600,100,100,100,100,100,100
491,Darkrai,DARK,0,0,600,70,90,90,135,90,125
492,Shaymin,GRASS,Land Forme,0,600,100,100,100,100,100,100
492,Shaymin,GRASS,Sky Forme,FLYING,600,100,103,75,120,75,127
493,Arceus,NORMAL,0,0,720,120,120,120,120,120,120
494,Victini,PSYCHIC,0,FIRE,600,100,100,100,100,100,100
495,Snivy,GRASS,0,0,308,45,45,55,45,55,63
496,Servine,GRASS,0,0,413,60,60,75,60,75,83
497,Serperior,GRASS,0,0,528,75,75,95,75,95,113
498,Tepig,FIRE,0,0,308,65,63,45,45,45,45
499,Pignite,FIRE,0,FIGHTING,418,90,93,55,70,55,55
500,Emboar,FIRE,0,FIGHTING,528,110,123,65,100,65,65
501,Oshawott,WATER,0,0,308,55,55,45,63,45,45
502,Dewott,WATER,0,0,413,75,75,60,83,60,60
503,Samurott,WATER,0,0,528,95,100,85,108,70,70
504,Patrat,NORMAL,0,0,255,45,55,39,35,39,42
505,Watchog,NORMAL,0,0,420,60,85,69,60,69,77
506,Lillipup,NORMAL,0,0,275,45,60,45,25,45,55
507,Herdier,NORMAL,0,0,370,65,80,65,35,65,60
508,Stoutland,NORMAL,0,0,500,85,110,90,45,90,80
509,Purrloin,DARK,0,0,281,41,50,37,50,37,66
510,Liepard,DARK,0,0,446,64,88,50,88,50,106
511,Pansage,GRASS,0,0,316,50,53,48,53,48,64
512,Simisage,GRASS,0,0,498,75,98,63,98,63,101
513,Pansear,FIRE,0,0,316,50,53,48,53,48,64
514,Simisear,FIRE,0,0,498,75,98,63,98,63,101
515,Panpour,WATER,0,0,316,50,53,48,53,48,64
516,Simipour,WATER,0,0,498,75,98,63,98,63,101
517,Munna,PSYCHIC,0,0,292,76,25,45,67,55,24
518,Musharna,PSYCHIC,0,0,487,116,55,85,107,95,29
519,Pidove,NORMAL,0,FLYING,264,50,55,50,36,30,43
520,Tranquill,NORMAL,0,FLYING,358,62,77,62,50,42,65
521,Unfezant,NORMAL,0,FLYING,488,80,115,80,65,55,93
522,Blitzle,ELECTRIC,0,0,295,45,60,32,50,32,76
523,Zebstrika,ELECTRIC,0,0,497,75,100,63,80,63,116
524,Roggenrola,ROCK,0,0,280,55,75,85,25,25,15
525,Boldore,ROCK,0,0,390,70,105,105,50,40,20
526,Gigalith,ROCK,0,0,515,85,135,130,60,80,25
527,Woobat,PSYCHIC,0,FLYING,323,65,45,43,55,43,72
528,Swoobat,PSYCHIC,0,FLYING,425,67,57,55,77,55,114
529,Drilbur,GROUND,0,0,328,60,85,40,30,45,68
530,Excadrill,GROUND,0,STEEL,508,110,135,60,50,65,88
531,Audino,NORMAL,0,0,445,103,60,86,60,86,50
531,Audino,NORMAL,Mega Audino,FAIRY,545,103,60,126,80,126,50
532,Timburr,FIGHTING,0,0,305,75,80,55,25,35,35
533,Gurdurr,FIGHTING,0,0,405,85,105,85,40,50,40
534,Conkeldurr,FIGHTING,0,0,505,105,140,95,55,65,45
535,Tympole,WATER,0,0,294,50,50,40,50,40,64
536,Palpitoad,WATER,0,GROUND,384,75,65,55,65,55,69
537,Seismitoad,WATER,0,GROUND,509,105,95,75,85,75,74
538,Throh,FIGHTING,0,0,465,120,100,85,30,85,45
539,Sawk,FIGHTING,0,0,465,75,125,75,30,75,85
540,Sewaddle,BUG,0,GRASS,310,45,53,70,40,60,42
541,Swadloon,BUG,0,GRASS,380,55,63,90,50,80,42
542,Leavanny,BUG,0,GRASS,500,75,103,80,70,80,92
543,Venipede,BUG,0,POISON,260,30,45,59,30,39,57
544,Whirlipede,BUG,0,POISON,360,40,55,99,40,79,47
545,Scolipede,BUG,0,POISON,485,60,100,89,55,69,112
546,Cottonee,GRASS,0,FAIRY,280,40,27,60,37,50,66
547,Whimsicott,GRASS,0,FAIRY,480,60,67,85,77,75,116
548,Petilil,GRASS,0,0,280,45,35,50,70,50,30
549,Lilligant,GRASS,0,0,480,70,60,75,110,75,90
550,Basculin,WATER,Red-Striped Form,0,460,70,92,65,80,55,98
550,Basculin,WATER,Blue-Striped Form,0,460,70,92,65,80,55,98
551,Sandile,GROUND,0,DARK,292,50,72,35,35,35,65
552,Krokorok,GROUND,0,DARK,351,60,82,45,45,45,74
553,Krookodile,GROUND,0,DARK,519,95,117,80,65,70,92
554,Darumaka,FIRE,0,0,315,70,90,45,15,45,50
554,Darumaka,ICE,Galarian Darumaka,0,315,70,90,45,15,45,50
555,Darmanitan,FIRE,Standard Mode,0,480,105,140,55,30,55,95
555,Darmanitan,FIRE,Zen Mode,PSYCHIC,540,105,30,105,140,105,55
555,Darmanitan,ICE,Galarian Standard Mode,0,480,105,140,55,30,55,95
555,Darmanitan,ICE,Galarian Zen Mode,FIRE,540,105,160,55,30,55,135
556,Maractus,GRASS,0,0,461,75,86,67,106,67,60
557,Dwebble,BUG,0,ROCK,325,50,65,85,35,35,55
558,Crustle,BUG,0,ROCK,485,70,105,125,65,75,45
559,Scraggy,DARK,0,FIGHTING,348,50,75,70,35,70,48
560,Scrafty,DARK,0,FIGHTING,488,65,90,115,45,115,58
561,Sigilyph,PSYCHIC,0,FLYING,490,72,58,80,103,80,97
562,Yamask,GHOST,0,0,303,38,30,85,55,65,30
562,Yamask,GROUND,Galarian Yamask,GHOST,303,38,55,85,30,65,30
563,Cofagrigus,GHOST,0,0,483,58,50,145,95,105,30
564,Tirtouga,WATER,0,ROCK,355,54,78,103,53,45,22
565,Carracosta,WATER,0,ROCK,495,74,108,133,83,65,32
566,Archen,ROCK,0,FLYING,401,55,112,45,74,45,70
567,Archeops,ROCK,0,FLYING,567,75,140,65,112,65,110
568,Trubbish,POISON,0,0,329,50,50,62,40,62,65
569,Garbodor,POISON,0,0,474,80,95,82,60,82,75
570,Zorua,DARK,0,0,330,40,65,40,80,40,65
571,Zoroark,DARK,0,0,510,60,105,60,120,60,105
572,Minccino,NORMAL,0,0,300,55,50,40,40,40,75
573,Cinccino,NORMAL,0,0,470,75,95,60,65,60,115
574,Gothita,PSYCHIC,0,0,290,45,30,50,55,65,45
575,Gothorita,PSYCHIC,0,0,390,60,45,70,75,85,55
576,Gothitelle,PSYCHIC,0,0,490,70,55,95,95,110,65
577,Solosis,PSYCHIC,0,0,290,45,30,40,105,50,20
578,Duosion,PSYCHIC,0,0,370,65,40,50,125,60,30
579,Reuniclus,PSYCHIC,0,0,490,110,65,75,125,85,30
580,Ducklett,WATER,0,FLYING,305,62,44,50,44,50,55
581,Swanna,WATER,0,FLYING,473,75,87,63,87,63,98
582,Vanillite,ICE,0,0,305,36,50,50,65,60,44
583,Vanillish,ICE,0,0,395,51,65,65,80,75,59
584,Vanilluxe,ICE,0,0,535,71,95,85,110,95,79
585,Deerling,NORMAL,0,GRASS,335,60,60,50,40,50,75
586,Sawsbuck,NORMAL,0,GRASS,475,80,100,70,60,70,95
587,Emolga,ELECTRIC,0,FLYING,428,55,75,60,75,60,103
588,Karrablast,BUG,0,0,315,50,75,45,40,45,60
589,Escavalier,BUG,0,STEEL,495,70,135,105,60,105,20
590,Foongus,GRASS,0,POISON,294,69,55,45,55,55,15
591,Amoonguss,GRASS,0,POISON,464,114,85,70,85,80,30
592,Frillish,WATER,0,GHOST,335,55,40,50,65,85,40
593,Jellicent,WATER,0,GHOST,480,100,60,70,85,105,60
594,Alomomola,WATER,0,0,470,165,75,80,40,45,65
595,Joltik,BUG,0,ELECTRIC,319,50,47,50,57,50,65
596,Galvantula,BUG,0,ELECTRIC,472,70,77,60,97,60,108
597,Ferroseed,GRASS,0,STEEL,305,44,50,91,24,86,10
598,Ferrothorn,GRASS,0,STEEL,489,74,94,131,54,116,20
599,Klink,STEEL,0,0,300,40,55,70,45,60,30
600,Klang,STEEL,0,0,440,60,80,95,70,85,50
601,Klinklang,STEEL,0,0,520,60,100,115,70,85,90
602,Tynamo,ELECTRIC,0,0,275,35,55,40,45,40,60
603,Eelektrik,ELECTRIC,0,0,405,65,85,70,75,70,40
604,Eelektross,ELECTRIC,0,0,515,85,115,80,105,80,50
605,Elgyem,PSYCHIC,0,0,335,55,55,55,85,55,30
606,Beheeyem,PSYCHIC,0,0,485,75,75,75,125,95,40
607,Litwick,GHOST,0,FIRE,275,50,30,55,65,55,20
608,Lampent,GHOST,0,FIRE,370,60,40,60,95,60,55
609,Chandelure,GHOST,0,FIRE,520,60,55,90,145,90,80
610,Axew,DRAGON,0,0,320,46,87,60,30,40,57
611,Fraxure,DRAGON,0,0,410,66,117,70,40,50,67
612,Haxorus,DRAGON,0,0,540,76,147,90,60,70,97
613,Cubchoo,ICE,0,0,305,55,70,40,60,40,40
614,Beartic,ICE,0,0,505,95,130,80,70,80,50
615,Cryogonal,ICE,0,0,515,80,50,50,95,135,105
616,Shelmet,BUG,0,0,305,50,40,85,40,65,25
617,Accelgor,BUG,0,0,495,80,70,40,100,60,145
618,Stunfisk,GROUND,0,ELECTRIC,471,109,66,84,81,99,32
618,Stunfisk,GROUND,Galarian Stunfisk,STEEL,471,109,81,99,66,84,32
619,Mienfoo,FIGHTING,0,0,350,45,85,50,55,50,65
620,Mienshao,FIGHTING,0,0,510,65,125,60,95,60,105
621,Druddigon,DRAGON,0,0,485,77,120,90,60,90,48
622,Golett,GROUND,0,GHOST,303,59,74,50,35,50,35
623,Golurk,GROUND,0,GHOST,483,89,124,80,55,80,55
624,Pawniard,DARK,0,STEEL,340,45,85,70,40,40,60
625,Bisharp,DARK,0,STEEL,490,65,125,100,60,70,70
626,Bouffalant,NORMAL,0,0,490,95,110,95,40,95,55
627,Rufflet,NORMAL,0,FLYING,350,70,83,50,37,50,60
628,Braviary,NORMAL,0,FLYING,510,100,123,75,57,75,80
629,Vullaby,DARK,0,FLYING,370,70,55,75,45,65,60
630,Mandibuzz,DARK,0,FLYING,510,110,65,105,55,95,80
631,Heatmor,FIRE,0,0,484,85,97,66,105,66,65
632,Durant,BUG,0,STEEL,484,58,109,112,48,48,109
633,Deino,DARK,0,DRAGON,300,52,65,50,45,50,38
634,Zweilous,DARK,0,DRAGON,420,72,85,70,65,70,58
635,Hydreigon,DARK,0,DRAGON,600,92,105,90,125,90,98
636,Larvesta,BUG,0,FIRE,360,55,85,55,50,55,60
637,Volcarona,BUG,0,FIRE,550,85,60,65,135,105,100
638,Cobalion,STEEL,0,FIGHTING,580,91,90,129,90,72,108
639,Terrakion,ROCK,0,FIGHTING,580,91,129,90,72,90,108
640,Virizion,GRASS,0,FIGHTING,580,91,90,72,90,129,108
641,Tornadus,FLYING,Incarnate Forme,0,580,79,115,70,125,80,111
641,Tornadus,FLYING,Therian Forme,0,580,79,100,80,110,90,121
642,Thundurus,ELECTRIC,Incarnate Forme,FLYING,580,79,115,70,125,80,111
642,Thundurus,ELECTRIC,Therian Forme,FLYING,580,79,105,70,145,80,101
643,Reshiram,DRAGON,0,FIRE,680,100,120,100,150,120,90
644,Zekrom,DRAGON,0,ELECTRIC,680,100,150,120,120,100,90
645,Landorus,GROUND,Incarnate Forme,FLYING,600,89,125,90,115,80,101
645,Landorus,GROUND,Therian Forme,FLYING,600,89,145,90,105,80,91
646,Kyurem,DRAGON,0,ICE,660,125,130,90,130,90,95
646,Kyurem,DRAGON,Black Kyurem,ICE,700,125,170,100,120,90,95
646,Kyurem,DRAGON,White Kyurem,ICE,700,125,120,90,170,100,95
647,Keldeo,WATER,Ordinary Form,FIGHTING,580,91,72,90,129,90,108
647,Keldeo,WATER,Resolute Form,FIGHTING,580,91,72,90,129,90,108
648,Meloetta,NORMAL,Aria Forme,PSYCHIC,600,100,77,77,128,128,90
648,Meloetta,NORMAL,Pirouette Forme,FIGHTING,600,100,128,90,77,77,128
649,Genesect,BUG,0,STEEL,600,71,120,95,120,95,99
650,Chespin,GRASS,0,0,313,56,61,65,48,45,38
651,Quilladin,GRASS,0,0,405,61,78,95,56,58,57
652,Chesnaught,GRASS,0,FIGHTING,530,88,107,122,74,75,64
653,Fennekin,FIRE,0,0,307,40,45,40,62,60,60
654,Braixen,FIRE,0,0,409,59,59,58,90,70,73
655,Delphox,FIRE,0,PSYCHIC,534,75,69,72,114,100,104
656,Froakie,WATER,0,0,314,41,56,40,62,44,71
657,Frogadier,WATER,0,0,405,54,63,52,83,56,97
658,Greninja,WATER,0,DARK,530,72,95,67,103,71,122
658,Greninja,WATER,Ash-Greninja,DARK,640,72,145,67,153,71,132
659,Bunnelby,NORMAL,0,0,237,38,36,38,32,36,57
660,Diggersby,NORMAL,0,GROUND,423,85,56,77,50,77,78
661,Fletchling,NORMAL,0,FLYING,278,45,50,43,40,38,62
662,Fletchinder,FIRE,0,FLYING,382,62,73,55,56,52,84
663,Talonflame,FIRE,0,FLYING,499,78,81,71,74,69,126
664,Scatterbug,BUG,0,0,200,38,35,40,27,25,35
665,Spewpa,BUG,0,0,213,45,22,60,27,30,29
666,Vivillon,BUG,0,FLYING,411,80,52,50,90,50,89
667,Litleo,FIRE,0,NORMAL,369,62,50,58,73,54,72
668,Pyroar,FIRE,0,NORMAL,507,86,68,72,109,66,106
669,Flabébé,FAIRY,0,0,303,44,38,39,61,79,42
670,Floette,FAIRY,0,0,371,54,45,47,75,98,52
671,Florges,FAIRY,0,0,552,78,65,68,112,154,75
672,Skiddo,GRASS,0,0,350,66,65,48,62,57,52
673,Gogoat,GRASS,0,0,531,123,100,62,97,81,68
674,Pancham,FIGHTING,0,0,348,67,82,62,46,48,43
675,Pangoro,FIGHTING,0,DARK,495,95,124,78,69,71,58
676,Furfrou,NORMAL,0,0,472,75,80,60,65,90,102
677,Espurr,PSYCHIC,0,0,355,62,48,54,63,60,68
678,Meowstic,PSYCHIC,Male,0,466,74,48,76,83,81,104
678,Meowstic,PSYCHIC,Female,0,466,74,48,76,83,81,104
679,Honedge,STEEL,0,GHOST,325,45,80,100,35,37,28
680,Doublade,STEEL,0,GHOST,448,59,110,150,45,49,35
681,Aegislash,STEEL,Shield Forme,GHOST,500,60,50,140,50,140,60
681,Aegislash,STEEL,Blade Forme,GHOST,500,60,140,50,140,50,60
682,Spritzee,FAIRY,0,0,341,78,52,60,63,65,23
683,Aromatisse,FAIRY,0,0,462,101,72,72,99,89,29
684,Swirlix,FAIRY,0,0,341,62,48,66,59,57,49
685,Slurpuff,FAIRY,0,0,480,82,80,86,85,75,72
686,Inkay,DARK,0,PSYCHIC,288,53,54,53,37,46,45
687,Malamar,DARK,0,PSYCHIC,482,86,92,88,68,75,73
688,Binacle,ROCK,0,WATER,306,42,52,67,39,56,50
689,Barbaracle,ROCK,0,WATER,500,72,105,115,54,86,68
690,Skrelp,POISON,0,WATER,320,50,60,60,60,60,30
691,Dragalge,POISON,0,DRAGON,494,65,75,90,97,123,44
692,Clauncher,WATER,0,0,330,50,53,62,58,63,44
693,Clawitzer,WATER,0,0,500,71,73,88,120,89,59
694,Helioptile,ELECTRIC,0,NORMAL,289,44,38,33,61,43,70
695,Heliolisk,ELECTRIC,0,NORMAL,481,62,55,52,109,94,109
696,Tyrunt,ROCK,0,DRAGON,362,58,89,77,45,45,48
697,Tyrantrum,ROCK,0,DRAGON,521,82,121,119,69,59,71
698,Amaura,ROCK,0,ICE,362,77,59,50,67,63,46
699,Aurorus,ROCK,0,ICE,521,123,77,72,99,92,58
700,Sylveon,FAIRY,0,0,525,95,65,65,110,130,60
701,Hawlucha,FIGHTING,0,FLYING,500,78,92,75,74,63,118
702,Dedenne,ELECTRIC,0,FAIRY,431,67,58,57,81,67,101
703,Carbink,ROCK,0,FAIRY,500,50,50,150,50,150,50
704,Goomy,DRAGON,0,0,300,45,50,35,55,75,40
705,Sliggoo,DRAGON,0,0,452,68,75,53,83,113,60
706,Goodra,DRAGON,0,0,600,90,100,70,110,150,80
707,Klefki,STEEL,0,FAIRY,470,57,80,91,80,87,75
708,Phantump,GHOST,0,GRASS,309,43,70,48,50,60,38
709,Trevenant,GHOST,0,GRASS,474,85,110,76,65,82,56
710,Pumpkaboo,GHOST,Average Size,GRASS,335,49,66,70,44,55,51
710,Pumpkaboo,GHOST,Small Size,GRASS,335,44,66,70,44,55,56
710,Pumpkaboo,GHOST,Large Size,GRASS,335,54,66,70,44,55,46
710,Pumpkaboo,GHOST,Super Size,GRASS,335,59,66,70,44,55,41
711,Gourgeist,GHOST,Average Size,GRASS,494,65,90,122,58,75,84
711,Gourgeist,GHOST,Small Size,GRASS,494,55,85,122,58,75,99
711,Gourgeist,GHOST,Large Size,GRASS,494,75,95,122,58,75,69
711,Gourgeist,GHOST,Super Size,GRASS,494,85,100,122,58,75,54
712,Bergmite,ICE,0,0,304,55,69,85,32,35,28
713,Avalugg,ICE,0,0,514,95,117,184,44,46,28
714,Noibat,FLYING,0,DRAGON,245,40,30,35,45,40,55
715,Noivern,FLYING,0,DRAGON,535,85,70,80,97,80,123
716,Xerneas,FAIRY,0,0,680,126,131,95,131,98,99
717,Yveltal,DARK,0,FLYING,680,126,131,95,131,98,99
718,Zygarde,DRAGON,50% Forme,GROUND,600,108,100,121,81,95,95
718,Zygarde,DRAGON,10% Forme,GROUND,486,54,100,71,61,85,115
718,Zygarde,DRAGON,Complete Forme,GROUND,708,216,100,121,91,95,85
719,Diancie,ROCK,0,FAIRY,600,50,100,150,100,150,50
719,Diancie,ROCK,Mega Diancie,FAIRY,700,50,160,110,160,110,110
720,Hoopa,PSYCHIC,Hoopa Confined,GHOST,600,80,110,60,150,130,70
720,Hoopa,PSYCHIC,Hoopa Unbound,DARK,680,80,160,60,170,130,80
721,Volcanion,FIRE,0,WATER,600,80,110,120,130,90,70
722,Rowlet,GRASS,0,FLYING,320,68,55,55,50,50,42
723,Dartrix,GRASS,0,FLYING,420,78,75,75,70,70,52
724,Decidueye,GRASS,0,GHOST,530,78,107,75,100,100,70
725,Litten,FIRE,0,0,320,45,65,40,60,40,70
726,Torracat,FIRE,0,0,420,65,85,50,80,50,90
727,Incineroar,FIRE,0,DARK,530,95,115,90,80,90,60
728,Popplio,WATER,0,0,320,50,54,54,66,56,40
729,Brionne,WATER,0,0,420,60,69,69,91,81,50
730,Primarina,WATER,0,FAIRY,530,80,74,74,126,116,60
731,Pikipek,NORMAL,0,FLYING,265,35,75,30,30,30,65
732,Trumbeak,NORMAL,0,FLYING,355,55,85,50,40,50,75
733,Toucannon,NORMAL,0,FLYING,485,80,120,75,75,75,60
734,Yungoos,NORMAL,0,0,253,48,70,30,30,30,45
735,Gumshoos,NORMAL,0,0,418,88,110,60,55,60,45
736,Grubbin,BUG,0,0,300,47,62,45,55,45,46
737,Charjabug,BUG,0,ELECTRIC,400,57,82,95,55,75,36
738,Vikavolt,BUG,0,ELECTRIC,500,77,70,90,145,75,43
739,Crabrawler,FIGHTING,0,0,338,47,82,57,42,47,63
740,Crabominable,FIGHTING,0,ICE,478,97,132,77,62,67,43
741,Oricorio,FIRE,Baile Style,FLYING,476,75,70,70,98,70,93
741,Oricorio,ELECTRIC,Pom-Pom Style,FLYING,476,75,70,70,98,70,93
741,Oricorio,PSYCHIC,Pa'u Style,FLYING,476,75,70,70,98,70,93
741,Oricorio,GHOST,Sensu Style,FLYING,476,75,70,70,98,70,93
742,Cutiefly,BUG,0,FAIRY,304,40,45,40,55,40,84
743,Ribombee,BUG,0,FAIRY,464,60,55,60,95,70,124
744,Rockruff,ROCK,0,0,280,45,65,40,30,40,60
744,Rockruff,ROCK,Own Tempo Rockruff,0,280,45,65,40,30,40,60
745,Lycanroc,ROCK,Midday Form,0,487,75,115,65,55,65,112
745,Lycanroc,ROCK,Midnight Form,0,487,85,115,75,55,75,82
745,Lycanroc,ROCK,Dusk Form,0,487,75,117,65,55,65,110
746,Wishiwashi,WATER,Solo Form,0,175,45,20,20,25,25,40
746,Wishiwashi,WATER,School Form,0,620,45,140,130,140,135,30
747,Mareanie,POISON,0,WATER,305,50,53,62,43,52,45
748,Toxapex,POISON,0,WATER,495,50,63,152,53,142,35
749,Mudbray,GROUND,0,0,385,70,100,70,45,55,45
750,Mudsdale,GROUND,0,0,500,100,125,100,55,85,35
751,Dewpider,WATER,0,BUG,269,38,40,52,40,72,27
752,Araquanid,WATER,0,BUG,454,68,70,92,50,132,42
753,Fomantis,GRASS,0,0,250,40,55,35,50,35,35
754,Lurantis,GRASS,0,0,480,70,105,90,80,90,45
755,Morelull,GRASS,0,FAIRY,285,40,35,55,65,75,15
756,Shiinotic,GRASS,0,FAIRY,405,60,45,80,90,100,30
757,Salandit,POISON,0,FIRE,320,48,44,40,71,40,77
758,Salazzle,POISON,0,FIRE,480,68,64,60,111,60,117
759,Stufful,NORMAL,0,FIGHTING,340,70,75,50,45,50,50
760,Bewear,NORMAL,0,FIGHTING,500,120,125,80,55,60,60
761,Bounsweet,GRASS,0,0,210,42,30,38,30,38,32
762,Steenee,GRASS,0,0,290,52,40,48,40,48,62
763,Tsareena,GRASS,0,0,510,72,120,98,50,98,72
764,Comfey,FAIRY,0,0,485,51,52,90,82,110,100
765,Oranguru,NORMAL,0,PSYCHIC,490,90,60,80,90,110,60
766,Passimian,FIGHTING,0,0,490,100,120,90,40,60,80
767,Wimpod,BUG,0,WATER,230,25,35,40,20,30,80
768,Golisopod,BUG,0,WATER,530,75,125,140,60,90,40
769,Sandygast,GHOST,0,GROUND,320,55,55,80,70,45,15
770,Palossand,GHOST,0,GROUND,480,85,75,110,100,75,35
771,Pyukumuku,WATER,0,0,410,55,60,130,30,130,5
772,Type: Null,NORMAL,0,0,534,95,95,95,95,95,59
773,Silvally,NORMAL,0,0,570,95,95,95,95,95,95
774,Minior,ROCK,Meteor Form,FLYING,440,60,60,100,60,100,60
774,Minior,ROCK,Core Form,FLYING,500,60,100,60,100,60,120
775,Komala,NORMAL,0,0,480,65,115,65,75,95,65
776,Turtonator,FIRE,0,DRAGON,485,60,78,135,91,85,36
777,Togedemaru,ELECTRIC,0,STEEL,435,65,98,63,40,73,96
778,Mimikyu,GHOST,0,FAIRY,476,55,90,80,50,105,96
779,Bruxish,WATER,0,PSYCHIC,475,68,105,70,70,70,92
780,Drampa,NORMAL,0,DRAGON,485,78,60,85,135,91,36
781,Dhelmise,GHOST,0,GRASS,517,70,131,100,86,90,40
782,Jangmo-o,DRAGON,0,0,300,45,55,65,45,45,45
783,Hakamo-o,DRAGON,0,FIGHTING,420,55,75,90,65,70,65
784,Kommo-o,DRAGON,0,FIGHTING,600,75,110,125,100,105,85
785,Tapu Koko,ELECTRIC,0,FAIRY,570,70,115,85,95,75,130
786,Tapu Lele,PSYCHIC,0,FAIRY,570,70,85,75,130,115,95
787,Tapu Bulu,GRASS,0,FAIRY,570,70,130,115,85,95,75
788,Tapu Fini,WATER,0,FAIRY,570,70,75,115,95,130,85
789,Cosmog,PSYCHIC,0,0,200,43,29,31,29,31,37
790,Cosmoem,PSYCHIC,0,0,400,43,29,131,29,131,37
791,Solgaleo,PSYCHIC,0,STEEL,680,137,137,107,113,89,97
792,Lunala,PSYCHIC,0,GHOST,680,137,113,89,137,107,97
793,Nihilego,ROCK,0,POISON,570,109,53,47,127,131,103
794,Buzzwole,BUG,0,FIGHTING,570,107,139,139,53,53,79
795,Pheromosa,BUG,0,FIGHTING,570,71,137,37,137,37,151
796,Xurkitree,ELECTRIC,0,0,570,83,89,71,173,71,83
797,Celesteela,STEEL,0,FLYING,570,97,101,103,107,101,61
798,Kartana,GRASS,0,STEEL,570,59,181,131,59,31,109
799,Guzzlord,DARK,0,DRAGON,570,223,101,53,97,53,43
800,Necrozma,PSYCHIC,0,0,600,97,107,101,127,89,79
800,Necrozma,PSYCHIC,Dusk Mane Necrozma,STEEL,680,97,157,127,113,109,77
800,Necrozma,PSYCHIC,Dawn Wings Necrozma,GHOST,680,97,113,109,157,127,77
800,Necrozma,PSYCHIC,Ultra Necrozma,DRAGON,754,97,167,97,167,97,129
801,Magearna,STEEL,0,FAIRY,600,80,95,115,130,115,65
802,Marshadow,FIGHTING,0,GHOST,600,90,125,80,90,90,125
803,Poipole,POISON,0,0,420,67,73,67,73,67,73
804,Naganadel,POISON,0,DRAGON,540,73,73,73,127,73,121
805,Stakataka,ROCK,0,STEEL,570,61,131,211,53,101,13
806,Blacephalon,FIRE,0,GHOST,570,53,127,53,151,79,107
807,Zeraora,ELECTRIC,0,0,600,88,112,75,102,80,143
808,Meltan,STEEL,0,0,300,46,65,65,55,35,34
809,Melmetal,STEEL,0,0,600,135,143,143,80,65,34
810,Grookey,GRASS,0,0,310,50,65,50,40,40,65
811,Thwackey,GRASS,0,0,420,70,85,70,55,60,80
812,Rillaboom,GRASS,0,0,530,100,125,90,60,70,85
813,Scorbunny,FIRE,0,0,310,50,71,40,40,40,69
814,Raboot,FIRE,0,0,420,65,86,60,55,60,94
815,Cinderace,FIRE,0,0,530,80,116,75,65,75,119
816,Sobble,WATER,0,0,310,50,40,40,70,40,70
817,Drizzile,WATER,0,0,420,65,60,55,95,55,90
818,Inteleon,WATER,0,0,530,70,85,65,125,65,120
819,Skwovet,NORMAL,0,0,275,70,55,55,35,35,25
820,Greedent,NORMAL,0,0,460,120,95,95,55,75,20
821,Rookidee,FLYING,0,0,245,38,47,35,33,35,57
822,Corvisquire,FLYING,0,0,365,68,67,55,43,55,77
823,Corviknight,FLYING,0,STEEL,495,98,87,105,53,85,67
824,Blipbug,BUG,0,0,180,25,20,20,25,45,45
825,Dottler,BUG,0,PSYCHIC,335,50,35,80,50,90,30
826,Orbeetle,BUG,0,PSYCHIC,505,60,45,110,80,120,90
827,Nickit,DARK,0,0,245,40,28,28,47,52,50
828,Thievul,DARK,0,0,455,70,58,58,87,92,90
829,Gossifleur,GRASS,0,0,250,40,40,60,40,60,10
830,Eldegoss,GRASS,0,0,460,60,50,90,80,120,60
831,Wooloo,NORMAL,0,0,270,42,40,55,40,45,48
832,Dubwool,NORMAL,0,0,490,72,80,100,60,90,88
833,Chewtle,WATER,0,0,284,50,64,50,38,38,44
834,Drednaw,WATER,0,ROCK,485,90,115,90,48,68,74
835,Yamper,ELECTRIC,0,0,270,59,45,50,40,50,26
836,Boltund,ELECTRIC,0,0,490,69,90,60,90,60,121
837,Rolycoly,ROCK,0,0,240,30,40,50,40,50,30
838,Carkol,ROCK,0,FIRE,410,80,60,90,60,70,50
839,Coalossal,ROCK,0,FIRE,510,110,80,120,80,90,30
840,Applin,GRASS,0,DRAGON,260,40,40,80,40,40,20
841,Flapple,GRASS,0,DRAGON,485,70,110,80,95,60,70
842,Appletun,GRASS,0,DRAGON,485,110,85,80,100,80,30
843,Silicobra,GROUND,0,0,315,52,57,75,35,50,46
844,Sandaconda,GROUND,0,0,510,72,107,125,65,70,71
845,Cramorant,FLYING,0,WATER,475,70,85,55,85,95,85
846,Arrokuda,WATER,0,0,280,41,63,40,40,30,66
847,Barraskewda,WATER,0,0,490,61,123,60,60,50,136
848,Toxel,ELECTRIC,0,POISON,242,40,38,35,54,35,40
849,Toxtricity,ELECTRIC,Low Key Form,POISON,502,75,98,70,114,70,75
849,Toxtricity,ELECTRIC,Amped Form,POISON,502,75,98,70,114,70,75
850,Sizzlipede,FIRE,0,BUG,305,50,65,45,50,50,45
851,Centiskorch,FIRE,0,BUG,525,100,115,65,90,90,65
852,Clobbopus,FIGHTING,0,0,310,50,68,60,50,50,32
853,Grapploct,FIGHTING,0,0,480,80,118,90,70,80,42
854,Sinistea,GHOST,0,0,308,40,45,45,74,54,50
855,Polteageist,GHOST,0,0,508,60,65,65,134,114,70
856,Hatenna,PSYCHIC,0,0,265,42,30,45,56,53,39
857,Hattrem,PSYCHIC,0,0,370,57,40,65,86,73,49
858,Hatterene,PSYCHIC,0,FAIRY,510,57,90,95,136,103,29
859,Impidimp,DARK,0,FAIRY,265,45,45,30,55,40,50
860,Morgrem,DARK,0,FAIRY,370,65,60,45,75,55,70
861,Grimmsnarl,DARK,0,FAIRY,510,95,120,65,95,75,60
862,Obstagoon,DARK,0,NORMAL,520,93,90,101,60,81,95
863,Perrserker,STEEL,0,0,440,70,110,100,50,60,50
864,Cursola,GHOST,0,0,510,60,95,50,145,130,30
865,Sirfetch'd,FIGHTING,0,0,507,62,135,95,68,82,65
866,Mr. Rime,ICE,0,PSYCHIC,520,80,85,75,110,100,70
867,Runerigus,GROUND,0,GHOST,483,58,95,145,50,105,30
868,Milcery,FAIRY,0,0,270,45,40,40,50,61,34
869,Alcremie,FAIRY,0,0,495,65,60,75,110,121,64
870,Falinks,FIGHTING,0,0,470,65,100,100,70,60,75
871,Pincurchin,ELECTRIC,0,0,435,48,101,95,91,85,15
872,Snom,ICE,0,BUG,185,30,25,35,45,30,20
873,Frosmoth,ICE,0,BUG,475,70,65,60,125,90,65
874,Stonjourner,ROCK,0,0,470,100,125,135,20,20,70
875,Eiscue,ICE,Ice Face,0,470,75,80,110,65,90,50
875,Eiscue,ICE,Noice Face,0,470,75,80,70,65,50,130
876,Indeedee,PSYCHIC,Male,NORMAL,475,60,65,55,105,95,95
876,Indeedee,PSYCHIC,Female,NORMAL,475,70,55,65,95,105,85
877,Morpeko,ELECTRIC,Full Belly Mode,DARK,436,58,95,58,70,58,97
877,Morpeko,ELECTRIC,Hangry Mode,DARK,436,58,95,58,70,58,97
878,Cufant,STEEL,0,0,330,72,80,49,40,49,40
879,Copperajah,STEEL,0,0,500,122,130,69,80,69,30
880,Dracozolt,ELECTRIC,0,DRAGON,505,90,100,90,80,70,75
881,Arctozolt,ELECTRIC,0,ICE,505,90,100,90,90,80,55
882,Dracovish,WATER,0,DRAGON,505,90,90,100,70,80,75
883,Arctovish,WATER,0,ICE,505,90,90,100,80,90,55
884,Duraludon,STEEL,0,DRAGON,535,70,95,115,120,50,85
885,Dreepy,DRAGON,0,GHOST,270,28,60,30,40,30,82
886,Drakloak,DRAGON,0,GHOST,410,68,80,50,60,50,102
887,Dragapult,DRAGON,0,GHOST,600,88,120,75,100,75,142
888,Zacian,FAIRY,Crowned Sword,STEEL,720,92,170,115,80,115,148
888,Zacian,FAIRY,Hero of Many Battles,0,670,92,130,115,80,115,138
889,Zamazenta,FIGHTING,Crowned Shield,STEEL,720,92,130,145,80,145,128
889,Zamazenta,FIGHTING,Hero of Many Battles,0,670,92,130,115,80,115,138
890,Eternatus,POISON,0,DRAGON,690,140,85,95,145,95,130
890,Eternatus,POISON,Eternamax,DRAGON,1125,255,115,250,125,250,130
891,Kubfu,FIGHTING,0,0,385,60,90,60,53,50,72
892,Urshifu,FIGHTING,Single Strike Style,DARK,550,100,130,100,63,60,97
892,Urshifu,FIGHTING,Rapid Strike Style,WATER,550,100,130,100,63,60,97
893,Zarude,DARK,0,GRASS,600,105,120,105,70,95,105
894,Regieleki,ELECTRIC,0,0,580,80,100,50,100,50,200
895,Regidrago,DRAGON,0,0,580,200,100,50,100,50,80
896,Glastrier,ICE,0,0,580,100,145,130,65,110,30
897,Spectrier,GHOST,0,0,580,100,65,60,145,80,130
898,Calyrex,PSYCHIC,0,GRASS,500,100,80,80,80,80,80
898,Calyrex,PSYCHIC,Ice Rider,ICE,680,100,165,150,85,130,50
898,Calyrex,PSYCHIC,Shadow Rider,GHOST,680,100,85,80,165,100,150
